data_hora,ticker,selecao,kalshi_justa_pct,call_preco_pct,edge_pp
2026-06-14 18:02,ES,Espanha,15.39,18.75,3.36
2026-06-14 18:02,FR,Franca,15.25,18.75,3.5
2026-06-14 18:02,PT,Portugal,10.09,11.25,1.16
2026-06-14 18:02,GB,Inglaterra,9.54,10.5,0.96
2026-06-14 18:02,AR,Argentina,8.16,10.5,2.34
2026-06-14 18:02,BR,Brasil,6.41,12.625,6.21
2026-06-14 18:02,NL,Holanda,5.3,3.25,-2.05
2026-06-14 18:02,DE,Alemanha,4.65,6.875,2.22
2026-06-14 18:02,US,EUA,3.36,2.375,-0.98
2026-06-14 18:02,NO,Noruega,2.26,3.0,0.74
2026-06-14 18:02,MA,Marrocos,1.84,3.25,1.41
2026-06-14 18:02,MX,Mexico,1.8,0.875,-0.93
2026-06-14 18:02,BE,Belgica,1.71,3.0,1.29
2026-06-14 18:02,CO,Colombia,1.52,1.75,0.23
2026-06-14 18:02,JP,Japao,1.34,1.25,-0.09
2026-06-14 18:02,IRQ,Iraque,0.92,,
2026-06-14 18:02,COD,RD Congo,0.92,,
2026-06-14 18:02,BIH,Bosnia,0.92,,
2026-06-14 18:02,CZE,Tchequia,0.92,,
2026-06-14 18:02,CH,Suica,0.78,0.75,-0.03
2026-06-14 18:02,UY,Uruguai,0.78,2.25,1.47
2026-06-14 18:02,EC,Equador,0.69,1.0,0.31
2026-06-14 18:02,HR,Croacia,0.69,1.375,0.69
2026-06-14 18:02,CIV,Costa do Marfim,0.51,1.0,0.49
2026-06-14 18:02,SN,Senegal,0.51,,
2026-06-14 18:02,TR,Turquia,0.41,0.625,0.22
2026-06-14 18:02,KR,Coreia do Sul,0.41,0.875,0.47
2026-06-14 18:02,AT,Austria,0.32,,
2026-06-14 18:02,SC,Escocia,0.23,0.35,0.12
2026-06-14 18:02,AU,Australia,0.23,,
2026-06-14 18:02,SE,Suecia,0.23,,
2026-06-14 18:02,CA,Canada,0.23,,
2026-06-14 18:02,DZA,Argelia,0.14,,
2026-06-14 18:02,EGY,Egito,0.14,,
2026-06-14 18:02,IR,Ira,0.14,,
2026-06-14 18:02,GH,Gana,0.14,,
2026-06-14 18:02,PAN,Panama,0.09,,
2026-06-14 18:02,HTI,Haiti,0.09,0.125,0.04
2026-06-14 18:02,CUW,Curacao,0.09,,
2026-06-14 18:02,QAT,Catar,0.09,,
2026-06-14 18:02,RSA,Africa do Sul,0.09,,
2026-06-14 18:02,CPV,Cabo Verde,0.09,,
2026-06-14 18:02,JOR,Jordania,0.09,,
2026-06-14 18:02,UZB,Uzbequistao,0.09,,
2026-06-14 18:02,NZL,Nova Zelandia,0.09,,
2026-06-14 18:02,TN,Tunisia,0.09,,
2026-06-14 18:02,SA,Arabia Saudita,0.09,,
2026-06-14 18:02,PY,Paraguai,0.09,,
2026-06-14 15:11,FR,Franca,15.29,18.75,3.46
2026-06-14 15:11,ES,Espanha,15.16,18.75,3.59
2026-06-14 15:11,PT,Portugal,10.03,11.25,1.22
2026-06-14 15:11,GB,Inglaterra,9.48,10.5,1.02
2026-06-14 15:11,AR,Argentina,8.1,10.5,2.4
2026-06-14 15:11,BR,Brasil,6.36,12.625,6.26
2026-06-14 15:11,NL,Holanda,5.27,3.25,-2.02
2026-06-14 15:11,DE,Alemanha,5.08,6.875,1.79
2026-06-14 15:11,US,EUA,3.25,2.375,-0.88
2026-06-14 15:11,NO,Noruega,2.24,3.0,0.76
2026-06-14 15:11,MA,Marrocos,1.97,3.25,1.28
2026-06-14 15:11,MX,Mexico,1.83,0.875,-0.96
2026-06-14 15:11,BE,Belgica,1.69,3.0,1.31
2026-06-14 15:11,CO,Colombia,1.51,1.75,0.24
2026-06-14 15:11,JP,Japao,1.33,1.25,-0.08
2026-06-14 15:11,IRQ,Iraque,0.92,,
2026-06-14 15:11,COD,RD Congo,0.92,,
2026-06-14 15:11,BIH,Bosnia,0.92,,
2026-06-14 15:11,CZE,Tchequia,0.92,,
2026-06-14 15:11,CH,Suica,0.78,0.75,-0.03
2026-06-14 15:11,UY,Uruguai,0.78,2.25,1.47
2026-06-14 15:11,EC,Equador,0.69,1.0,0.31
2026-06-14 15:11,HR,Croacia,0.69,1.375,0.69
2026-06-14 15:11,CIV,Costa do Marfim,0.5,1.0,0.5
2026-06-14 15:11,SN,Senegal,0.5,,
2026-06-14 15:11,TR,Turquia,0.46,0.625,0.16
2026-06-14 15:11,KR,Coreia do Sul,0.41,0.875,0.47
2026-06-14 15:11,AT,Austria,0.32,,
2026-06-14 15:11,AU,Australia,0.27,,
2026-06-14 15:11,SC,Escocia,0.23,0.35,0.12
2026-06-14 15:11,SE,Suecia,0.23,,
2026-06-14 15:11,CA,Canada,0.23,,
2026-06-14 15:11,DZA,Argelia,0.14,,
2026-06-14 15:11,EGY,Egito,0.14,,
2026-06-14 15:11,IR,Ira,0.14,,
2026-06-14 15:11,GH,Gana,0.14,,
2026-06-14 15:11,PAN,Panama,0.09,,
2026-06-14 15:11,HTI,Haiti,0.09,0.125,0.04
2026-06-14 15:11,CUW,Curacao,0.09,,
2026-06-14 15:11,QAT,Catar,0.09,,
2026-06-14 15:11,RSA,Africa do Sul,0.09,,
2026-06-14 15:11,CPV,Cabo Verde,0.09,,
2026-06-14 15:11,JOR,Jordania,0.09,,
2026-06-14 15:11,UZB,Uzbequistao,0.09,,
2026-06-14 15:11,NZL,Nova Zelandia,0.09,,
2026-06-14 15:11,TN,Tunisia,0.09,,
2026-06-14 15:11,SA,Arabia Saudita,0.09,,
2026-06-14 15:11,PY,Paraguai,0.09,,
2026-06-14 15:23,FR,Franca,15.29,18.75,3.46
2026-06-14 15:23,ES,Espanha,15.16,18.75,3.59
2026-06-14 15:23,PT,Portugal,10.03,11.25,1.22
2026-06-14 15:23,GB,Inglaterra,9.48,10.5,1.02
2026-06-14 15:23,AR,Argentina,8.1,10.5,2.4
2026-06-14 15:23,BR,Brasil,6.36,12.625,6.26
2026-06-14 15:23,NL,Holanda,5.27,3.25,-2.02
2026-06-14 15:23,DE,Alemanha,5.08,6.875,1.79
2026-06-14 15:23,US,EUA,3.25,2.375,-0.88
2026-06-14 15:23,NO,Noruega,2.24,3.0,0.76
2026-06-14 15:23,MA,Marrocos,1.97,3.25,1.28
2026-06-14 15:23,MX,Mexico,1.83,0.875,-0.96
2026-06-14 15:23,BE,Belgica,1.69,3.0,1.31
2026-06-14 15:23,CO,Colombia,1.51,1.75,0.24
2026-06-14 15:23,JP,Japao,1.33,1.25,-0.08
2026-06-14 15:23,IRQ,Iraque,0.92,,
2026-06-14 15:23,COD,RD Congo,0.92,,
2026-06-14 15:23,BIH,Bosnia,0.92,,
2026-06-14 15:23,CZE,Tchequia,0.92,,
2026-06-14 15:23,CH,Suica,0.78,0.75,-0.03
2026-06-14 15:23,UY,Uruguai,0.78,2.25,1.47
2026-06-14 15:23,EC,Equador,0.69,1.0,0.31
2026-06-14 15:23,HR,Croacia,0.69,1.375,0.69
2026-06-14 15:23,CIV,Costa do Marfim,0.5,1.0,0.5
2026-06-14 15:23,SN,Senegal,0.5,,
2026-06-14 15:23,TR,Turquia,0.46,0.625,0.16
2026-06-14 15:23,KR,Coreia do Sul,0.41,0.875,0.47
2026-06-14 15:23,AT,Austria,0.32,,
2026-06-14 15:23,AU,Australia,0.27,,
2026-06-14 15:23,SC,Escocia,0.23,0.35,0.12
2026-06-14 15:23,SE,Suecia,0.23,,
2026-06-14 15:23,CA,Canada,0.23,,
2026-06-14 15:23,DZA,Argelia,0.14,,
2026-06-14 15:23,EGY,Egito,0.14,,
2026-06-14 15:23,IR,Ira,0.14,,
2026-06-14 15:23,GH,Gana,0.14,,
2026-06-14 15:23,PAN,Panama,0.09,,
2026-06-14 15:23,HTI,Haiti,0.09,0.125,0.04
2026-06-14 15:23,CUW,Curacao,0.09,,
2026-06-14 15:23,QAT,Catar,0.09,,
2026-06-14 15:23,RSA,Africa do Sul,0.09,,
2026-06-14 15:23,CPV,Cabo Verde,0.09,,
2026-06-14 15:23,JOR,Jordania,0.09,,
2026-06-14 15:23,UZB,Uzbequistao,0.09,,
2026-06-14 15:23,NZL,Nova Zelandia,0.09,,
2026-06-14 15:23,TN,Tunisia,0.09,,
2026-06-14 15:23,SA,Arabia Saudita,0.09,,
2026-06-14 15:23,PY,Paraguai,0.09,,
2026-06-14 15:48,ES,Espanha,15.33,18.75,3.42
2026-06-14 15:48,FR,Franca,14.96,18.75,3.79
2026-06-14 15:48,PT,Portugal,10.17,11.25,1.08
2026-06-14 15:48,GB,Inglaterra,9.44,10.5,1.06
2026-06-14 15:48,AR,Argentina,8.07,10.5,2.43
2026-06-14 15:48,BR,Brasil,6.34,12.625,6.29
2026-06-14 15:48,NL,Holanda,5.34,3.25,-2.09
2026-06-14 15:48,DE,Alemanha,5.29,6.875,1.58
2026-06-14 15:48,US,EUA,3.1,2.375,-0.73
2026-06-14 15:48,NO,Noruega,2.24,3.0,0.76
2026-06-14 15:48,MA,Marrocos,1.96,3.25,1.29
2026-06-14 15:48,MX,Mexico,1.82,0.875,-0.95
2026-06-14 15:48,BE,Belgica,1.69,3.0,1.31
2026-06-14 15:48,CO,Colombia,1.51,1.75,0.24
2026-06-14 15:48,JP,Japao,1.32,1.25,-0.07
2026-06-14 15:48,IRQ,Iraque,0.91,,
2026-06-14 15:48,COD,RD Congo,0.91,,
2026-06-14 15:48,BIH,Bosnia,0.91,,
2026-06-14 15:48,CZE,Tchequia,0.91,,
2026-06-14 15:48,CH,Suica,0.78,0.75,-0.03
2026-06-14 15:48,UY,Uruguai,0.78,2.25,1.47
2026-06-14 15:48,EC,Equador,0.68,1.0,0.32
2026-06-14 15:48,HR,Croacia,0.68,1.375,0.69
2026-06-14 15:48,CIV,Costa do Marfim,0.59,1.0,0.41
2026-06-14 15:48,SN,Senegal,0.5,,
2026-06-14 15:48,TR,Turquia,0.41,0.625,0.22
2026-06-14 15:48,KR,Coreia do Sul,0.41,0.875,0.47
2026-06-14 15:48,AT,Austria,0.32,,
2026-06-14 15:48,AU,Australia,0.27,,
2026-06-14 15:48,SC,Escocia,0.23,0.35,0.12
2026-06-14 15:48,SE,Suecia,0.23,,
2026-06-14 15:48,CA,Canada,0.23,,
2026-06-14 15:48,DZA,Argelia,0.14,,
2026-06-14 15:48,EGY,Egito,0.14,,
2026-06-14 15:48,IR,Ira,0.14,,
2026-06-14 15:48,GH,Gana,0.14,,
2026-06-14 15:48,PAN,Panama,0.09,,
2026-06-14 15:48,HTI,Haiti,0.09,0.125,0.04
2026-06-14 15:48,CUW,Curacao,0.09,,
2026-06-14 15:48,QAT,Catar,0.09,,
2026-06-14 15:48,RSA,Africa do Sul,0.09,,
2026-06-14 15:48,CPV,Cabo Verde,0.09,,
2026-06-14 15:48,JOR,Jordania,0.09,,
2026-06-14 15:48,UZB,Uzbequistao,0.09,,
2026-06-14 15:48,NZL,Nova Zelandia,0.09,,
2026-06-14 15:48,TN,Tunisia,0.09,,
2026-06-14 15:48,SA,Arabia Saudita,0.09,,
2026-06-14 15:48,PY,Paraguai,0.09,,
2026-06-14 15:48,ES,Espanha,15.28,18.75,3.47
2026-06-14 15:48,FR,Franca,15.01,18.75,3.74
2026-06-14 15:48,PT,Portugal,10.17,11.25,1.08
2026-06-14 15:48,GB,Inglaterra,9.44,10.5,1.06
2026-06-14 15:48,AR,Argentina,8.07,10.5,2.43
2026-06-14 15:48,BR,Brasil,6.34,12.625,6.29
2026-06-14 15:48,NL,Holanda,5.34,3.25,-2.09
2026-06-14 15:48,DE,Alemanha,5.29,6.875,1.58
2026-06-14 15:48,US,EUA,3.1,2.375,-0.73
2026-06-14 15:48,NO,Noruega,2.24,3.0,0.76
2026-06-14 15:48,MA,Marrocos,1.96,3.25,1.29
2026-06-14 15:48,MX,Mexico,1.82,0.875,-0.95
2026-06-14 15:48,BE,Belgica,1.69,3.0,1.31
2026-06-14 15:48,CO,Colombia,1.51,1.75,0.24
2026-06-14 15:48,JP,Japao,1.32,1.25,-0.07
2026-06-14 15:48,IRQ,Iraque,0.91,,
2026-06-14 15:48,COD,RD Congo,0.91,,
2026-06-14 15:48,BIH,Bosnia,0.91,,
2026-06-14 15:48,CZE,Tchequia,0.91,,
2026-06-14 15:48,CH,Suica,0.78,0.75,-0.03
2026-06-14 15:48,UY,Uruguai,0.78,2.25,1.47
2026-06-14 15:48,EC,Equador,0.68,1.0,0.32
2026-06-14 15:48,HR,Croacia,0.68,1.375,0.69
2026-06-14 15:48,CIV,Costa do Marfim,0.59,1.0,0.41
2026-06-14 15:48,SN,Senegal,0.5,,
2026-06-14 15:48,TR,Turquia,0.41,0.625,0.22
2026-06-14 15:48,KR,Coreia do Sul,0.41,0.875,0.47
2026-06-14 15:48,AT,Austria,0.32,,
2026-06-14 15:48,AU,Australia,0.27,,
2026-06-14 15:48,SC,Escocia,0.23,0.35,0.12
2026-06-14 15:48,SE,Suecia,0.23,,
2026-06-14 15:48,CA,Canada,0.23,,
2026-06-14 15:48,DZA,Argelia,0.14,,
2026-06-14 15:48,EGY,Egito,0.14,,
2026-06-14 15:48,IR,Ira,0.14,,
2026-06-14 15:48,GH,Gana,0.14,,
2026-06-14 15:48,PAN,Panama,0.09,,
2026-06-14 15:48,HTI,Haiti,0.09,0.125,0.04
2026-06-14 15:48,CUW,Curacao,0.09,,
2026-06-14 15:48,QAT,Catar,0.09,,
2026-06-14 15:48,RSA,Africa do Sul,0.09,,
2026-06-14 15:48,CPV,Cabo Verde,0.09,,
2026-06-14 15:48,JOR,Jordania,0.09,,
2026-06-14 15:48,UZB,Uzbequistao,0.09,,
2026-06-14 15:48,NZL,Nova Zelandia,0.09,,
2026-06-14 15:48,TN,Tunisia,0.09,,
2026-06-14 15:48,SA,Arabia Saudita,0.09,,
2026-06-14 15:48,PY,Paraguai,0.09,,
2026-06-14 18:21,ES,Espanha,15.16,18.75,3.59
2026-06-14 18:21,FR,Franca,15.12,18.75,3.63
2026-06-14 18:21,PT,Portugal,10.03,11.25,1.22
2026-06-14 18:21,GB,Inglaterra,9.4,10.5,1.1
2026-06-14 18:21,AR,Argentina,8.03,10.5,2.47
2026-06-14 18:21,BR,Brasil,6.31,12.625,6.32
2026-06-14 18:21,DE,Alemanha,5.36,6.875,1.51
2026-06-14 18:21,NL,Holanda,5.31,3.25,-2.06
2026-06-14 18:21,US,EUA,3.5,2.375,-1.12
2026-06-14 18:21,NO,Noruega,2.22,3.0,0.78
2026-06-14 18:21,MA,Marrocos,1.95,3.25,1.3
2026-06-14 18:21,MX,Mexico,1.82,0.875,-0.95
2026-06-14 18:21,BE,Belgica,1.68,3.0,1.32
2026-06-14 18:21,JP,Japao,1.5,1.25,-0.25
2026-06-14 18:21,CO,Colombia,1.5,1.75,0.25
2026-06-14 18:21,IRQ,Iraque,0.91,,
2026-06-14 18:21,COD,RD Congo,0.91,,
2026-06-14 18:21,BIH,Bosnia,0.91,,
2026-06-14 18:21,CZE,Tchequia,0.91,,
2026-06-14 18:21,CH,Suica,0.77,0.75,-0.02
2026-06-14 18:21,UY,Uruguai,0.77,2.25,1.48
2026-06-14 18:21,EC,Equador,0.68,1.0,0.32
2026-06-14 18:21,HR,Croacia,0.68,1.375,0.69
2026-06-14 18:21,SN,Senegal,0.5,,
2026-06-14 18:21,CIV,Costa do Marfim,0.41,1.0,0.59
2026-06-14 18:21,TR,Turquia,0.41,0.625,0.22
2026-06-14 18:21,KR,Coreia do Sul,0.41,0.875,0.47
2026-06-14 18:21,AT,Austria,0.32,,
2026-06-14 18:21,SC,Escocia,0.23,0.35,0.12
2026-06-14 18:21,AU,Australia,0.23,,
2026-06-14 18:21,SE,Suecia,0.23,,
2026-06-14 18:21,CA,Canada,0.23,,
2026-06-14 18:21,DZA,Argelia,0.14,,
2026-06-14 18:21,EGY,Egito,0.14,,
2026-06-14 18:21,IR,Ira,0.14,,
2026-06-14 18:21,GH,Gana,0.14,,
2026-06-14 18:21,PAN,Panama,0.09,,
2026-06-14 18:21,HTI,Haiti,0.09,0.125,0.04
2026-06-14 18:21,CUW,Curacao,0.09,,
2026-06-14 18:21,QAT,Catar,0.09,,
2026-06-14 18:21,RSA,Africa do Sul,0.09,,
2026-06-14 18:21,CPV,Cabo Verde,0.09,,
2026-06-14 18:21,JOR,Jordania,0.09,,
2026-06-14 18:21,UZB,Uzbequistao,0.09,,
2026-06-14 18:21,NZL,Nova Zelandia,0.09,,
2026-06-14 18:21,TN,Tunisia,0.09,,
2026-06-14 18:21,SA,Arabia Saudita,0.09,,
2026-06-14 18:21,PY,Paraguai,0.09,,
2026-06-15 08:00,ES,Espanha,15.16,18.75,3.59
2026-06-15 08:00,FR,Franca,15.12,18.75,3.63
2026-06-15 08:00,PT,Portugal,10.03,11.25,1.22
2026-06-15 08:00,GB,Inglaterra,9.4,10.5,1.1
2026-06-15 08:00,AR,Argentina,8.03,10.5,2.47
2026-06-15 08:00,BR,Brasil,6.31,12.625,6.32
2026-06-15 08:00,DE,Alemanha,5.36,6.875,1.51
2026-06-15 08:00,NL,Holanda,5.31,3.25,-2.06
2026-06-15 08:00,US,EUA,3.5,2.375,-1.12
2026-06-15 08:00,NO,Noruega,2.22,3.0,0.78
2026-06-15 08:00,MA,Marrocos,1.95,3.25,1.3
2026-06-15 08:00,MX,Mexico,1.82,0.875,-0.95
2026-06-15 08:00,BE,Belgica,1.68,3.0,1.32
2026-06-15 08:00,JP,Japao,1.5,1.25,-0.25
2026-06-15 08:00,CO,Colombia,1.5,1.75,0.25
2026-06-15 08:00,IRQ,Iraque,0.91,,
2026-06-15 08:00,COD,RD Congo,0.91,,
2026-06-15 08:00,BIH,Bosnia,0.91,,
2026-06-15 08:00,CZE,Tchequia,0.91,,
2026-06-15 08:00,CH,Suica,0.77,0.75,-0.02
2026-06-15 08:00,UY,Uruguai,0.77,2.25,1.48
2026-06-15 08:00,EC,Equador,0.68,1.0,0.32
2026-06-15 08:00,HR,Croacia,0.68,1.375,0.69
2026-06-15 08:00,SN,Senegal,0.5,,
2026-06-15 08:00,CIV,Costa do Marfim,0.41,1.0,0.59
2026-06-15 08:00,TR,Turquia,0.41,0.625,0.22
2026-06-15 08:00,KR,Coreia do Sul,0.41,0.875,0.47
2026-06-15 08:00,AT,Austria,0.32,,
2026-06-15 08:00,SC,Escocia,0.23,0.35,0.12
2026-06-15 08:00,AU,Australia,0.23,,
2026-06-15 08:00,SE,Suecia,0.23,,
2026-06-15 08:00,CA,Canada,0.23,,
2026-06-15 08:00,DZA,Argelia,0.14,,
2026-06-15 08:00,EGY,Egito,0.14,,
2026-06-15 08:00,IR,Ira,0.14,,
2026-06-15 08:00,GH,Gana,0.14,,
2026-06-15 08:00,PAN,Panama,0.09,,
2026-06-15 08:00,HTI,Haiti,0.09,0.125,0.04
2026-06-15 08:00,CUW,Curacao,0.09,,
2026-06-15 08:00,QAT,Catar,0.09,,
2026-06-15 08:00,RSA,Africa do Sul,0.09,,
2026-06-15 08:00,CPV,Cabo Verde,0.09,,
2026-06-15 08:00,JOR,Jordania,0.09,,
2026-06-15 08:00,UZB,Uzbequistao,0.09,,
2026-06-15 08:00,NZL,Nova Zelandia,0.09,,
2026-06-15 08:00,TN,Tunisia,0.09,,
2026-06-15 08:00,SA,Arabia Saudita,0.09,,
2026-06-15 08:00,PY,Paraguai,0.09,,
2026-06-15 13:41,ES,Espanha,15.16,18.75,3.59
2026-06-15 13:41,FR,Franca,15.12,18.75,3.63
2026-06-15 13:41,PT,Portugal,10.03,11.25,1.22
2026-06-15 13:41,GB,Inglaterra,9.4,10.5,1.1
2026-06-15 13:41,AR,Argentina,8.03,10.5,2.47
2026-06-15 13:41,BR,Brasil,6.31,12.25,5.94
2026-06-15 13:41,DE,Alemanha,5.36,7.0,1.64
2026-06-15 13:41,NL,Holanda,5.31,4.0,-1.31
2026-06-15 13:41,US,EUA,3.5,2.375,-1.12
2026-06-15 13:41,NO,Noruega,2.22,3.0,0.78
2026-06-15 13:41,MA,Marrocos,1.95,3.25,1.3
2026-06-15 13:41,MX,Mexico,1.82,0.875,-0.95
2026-06-15 13:41,BE,Belgica,1.68,3.0,1.32
2026-06-15 13:41,JP,Japao,1.5,1.25,-0.25
2026-06-15 13:41,CO,Colombia,1.5,1.5,0.0
2026-06-15 13:41,IRQ,Iraque,0.91,,
2026-06-15 13:41,COD,RD Congo,0.91,,
2026-06-15 13:41,BIH,Bosnia,0.91,,
2026-06-15 13:41,CZE,Tchequia,0.91,,
2026-06-15 13:41,CH,Suica,0.77,0.75,-0.02
2026-06-15 13:41,UY,Uruguai,0.77,2.25,1.48
2026-06-15 13:41,EC,Equador,0.68,0.75,0.07
2026-06-15 13:41,HR,Croacia,0.68,1.25,0.57
2026-06-15 13:41,SN,Senegal,0.5,,
2026-06-15 13:41,CIV,Costa do Marfim,0.41,1.0,0.59
2026-06-15 13:41,TR,Turquia,0.41,0.5,0.09
2026-06-15 13:41,KR,Coreia do Sul,0.41,1.25,0.84
2026-06-15 13:41,AT,Austria,0.32,,
2026-06-15 13:41,SC,Escocia,0.23,0.25,0.02
2026-06-15 13:41,AU,Australia,0.23,,
2026-06-15 13:41,SE,Suecia,0.23,,
2026-06-15 13:41,CA,Canada,0.23,,
2026-06-15 13:41,DZA,Argelia,0.14,,
2026-06-15 13:41,EGY,Egito,0.14,0.25,0.11
2026-06-15 13:41,IR,Ira,0.14,,
2026-06-15 13:41,GH,Gana,0.14,,
2026-06-15 13:41,PAN,Panama,0.09,,
2026-06-15 13:41,HTI,Haiti,0.09,0.125,0.04
2026-06-15 13:41,CUW,Curacao,0.09,,
2026-06-15 13:41,QAT,Catar,0.09,,
2026-06-15 13:41,RSA,Africa do Sul,0.09,,
2026-06-15 13:41,CPV,Cabo Verde,0.09,,
2026-06-15 13:41,JOR,Jordania,0.09,,
2026-06-15 13:41,UZB,Uzbequistao,0.09,,
2026-06-15 13:41,NZL,Nova Zelandia,0.09,,
2026-06-15 13:41,TN,Tunisia,0.09,,
2026-06-15 13:41,SA,Arabia Saudita,0.09,0.25,0.16
2026-06-15 13:41,PY,Paraguai,0.09,,
2026-06-15 13:41,ES,Espanha,15.16,18.75,3.59
2026-06-15 13:41,FR,Franca,15.12,18.75,3.63
2026-06-15 13:41,PT,Portugal,10.03,11.25,1.22
2026-06-15 13:41,GB,Inglaterra,9.4,10.5,1.1
2026-06-15 13:41,AR,Argentina,8.03,10.5,2.47
2026-06-15 13:41,BR,Brasil,6.31,12.25,5.94
2026-06-15 13:41,DE,Alemanha,5.36,7.0,1.64
2026-06-15 13:41,NL,Holanda,5.31,4.0,-1.31
2026-06-15 13:41,US,EUA,3.5,2.375,-1.12
2026-06-15 13:41,NO,Noruega,2.22,3.0,0.78
2026-06-15 13:41,MA,Marrocos,1.95,3.25,1.3
2026-06-15 13:41,MX,Mexico,1.82,0.875,-0.95
2026-06-15 13:41,BE,Belgica,1.68,3.0,1.32
2026-06-15 13:41,JP,Japao,1.5,1.25,-0.25
2026-06-15 13:41,CO,Colombia,1.5,1.5,0.0
2026-06-15 13:41,IRQ,Iraque,0.91,,
2026-06-15 13:41,COD,RD Congo,0.91,,
2026-06-15 13:41,BIH,Bosnia,0.91,,
2026-06-15 13:41,CZE,Tchequia,0.91,,
2026-06-15 13:41,CH,Suica,0.77,0.75,-0.02
2026-06-15 13:41,UY,Uruguai,0.77,2.25,1.48
2026-06-15 13:41,EC,Equador,0.68,0.75,0.07
2026-06-15 13:41,HR,Croacia,0.68,1.25,0.57
2026-06-15 13:41,SN,Senegal,0.5,,
2026-06-15 13:41,CIV,Costa do Marfim,0.41,1.0,0.59
2026-06-15 13:41,TR,Turquia,0.41,0.5,0.09
2026-06-15 13:41,KR,Coreia do Sul,0.41,1.25,0.84
2026-06-15 13:41,AT,Austria,0.32,,
2026-06-15 13:41,SC,Escocia,0.23,0.25,0.02
2026-06-15 13:41,AU,Australia,0.23,,
2026-06-15 13:41,SE,Suecia,0.23,,
2026-06-15 13:41,CA,Canada,0.23,,
2026-06-15 13:41,DZA,Argelia,0.14,,
2026-06-15 13:41,EGY,Egito,0.14,0.25,0.11
2026-06-15 13:41,IR,Ira,0.14,,
2026-06-15 13:41,GH,Gana,0.14,,
2026-06-15 13:41,PAN,Panama,0.09,,
2026-06-15 13:41,HTI,Haiti,0.09,0.125,0.04
2026-06-15 13:41,CUW,Curacao,0.09,,
2026-06-15 13:41,QAT,Catar,0.09,,
2026-06-15 13:41,RSA,Africa do Sul,0.09,,
2026-06-15 13:41,CPV,Cabo Verde,0.09,,
2026-06-15 13:41,JOR,Jordania,0.09,,
2026-06-15 13:41,UZB,Uzbequistao,0.09,,
2026-06-15 13:41,NZL,Nova Zelandia,0.09,,
2026-06-15 13:41,TN,Tunisia,0.09,,
2026-06-15 13:41,SA,Arabia Saudita,0.09,0.25,0.16
2026-06-15 13:41,PY,Paraguai,0.09,,
2026-06-16 07:37,FR,Franca,16.18,18.75,2.57
2026-06-16 07:37,ES,Espanha,13.74,18.75,5.01
2026-06-16 07:37,PT,Portugal,10.74,11.25,0.51
2026-06-16 07:37,GB,Inglaterra,9.62,10.5,0.88
2026-06-16 07:37,AR,Argentina,7.93,10.5,2.57
2026-06-16 07:37,BR,Brasil,6.24,12.25,6.01
2026-06-16 07:37,DE,Alemanha,5.77,7.0,1.23
2026-06-16 07:37,NL,Holanda,4.74,4.0,-0.74
2026-06-16 07:37,US,EUA,3.33,2.375,-0.96
2026-06-16 07:37,NO,Noruega,2.3,3.0,0.7
2026-06-16 07:37,MA,Marrocos,2.02,3.25,1.23
2026-06-16 07:37,MX,Mexico,1.69,0.875,-0.81
2026-06-16 07:37,CO,Colombia,1.55,1.5,-0.05
2026-06-16 07:37,JP,Japao,1.36,1.25,-0.11
2026-06-16 07:37,BE,Belgica,1.36,3.0,1.64
2026-06-16 07:37,IRQ,Iraque,0.94,,
2026-06-16 07:37,COD,RD Congo,0.94,,
2026-06-16 07:37,BIH,Bosnia,0.94,,
2026-06-16 07:37,CZE,Tchequia,0.94,,
2026-06-16 07:37,UY,Uruguai,0.8,2.25,1.45
2026-06-16 07:37,CH,Suica,0.7,0.75,0.05
2026-06-16 07:37,HR,Croacia,0.7,1.25,0.55
2026-06-16 07:37,CIV,Costa do Marfim,0.52,1.0,0.48
2026-06-16 07:37,KR,Coreia do Sul,0.52,1.25,0.73
2026-06-16 07:37,SN,Senegal,0.52,,
2026-06-16 07:37,SE,Suecia,0.47,,
2026-06-16 07:37,TR,Turquia,0.42,0.5,0.08
2026-06-16 07:37,EC,Equador,0.33,0.75,0.42
2026-06-16 07:37,AT,Austria,0.33,,
2026-06-16 07:37,AU,Australia,0.28,,
2026-06-16 07:37,EGY,Egito,0.23,0.25,0.02
2026-06-16 07:37,CA,Canada,0.23,,
2026-06-16 07:37,DZA,Argelia,0.14,,
2026-06-16 07:37,SC,Escocia,0.14,0.25,0.11
2026-06-16 07:37,GH,Gana,0.14,,
2026-06-16 07:37,PAN,Panama,0.09,,
2026-06-16 07:37,HTI,Haiti,0.09,0.125,0.04
2026-06-16 07:37,CUW,Curacao,0.09,,
2026-06-16 07:37,QAT,Catar,0.09,,
2026-06-16 07:37,RSA,Africa do Sul,0.09,,
2026-06-16 07:37,CPV,Cabo Verde,0.09,,
2026-06-16 07:37,JOR,Jordania,0.09,,
2026-06-16 07:37,UZB,Uzbequistao,0.09,,
2026-06-16 07:37,NZL,Nova Zelandia,0.09,,
2026-06-16 07:37,TN,Tunisia,0.09,,
2026-06-16 07:37,SA,Arabia Saudita,0.09,0.25,0.16
2026-06-16 07:37,IR,Ira,0.09,,
2026-06-16 07:37,PY,Paraguai,0.09,,
2026-06-16 08:00,FR,Franca,16.34,18.75,2.41
2026-06-16 08:00,ES,Espanha,13.72,18.75,5.03
2026-06-16 08:00,PT,Portugal,10.72,11.25,0.53
2026-06-16 08:00,GB,Inglaterra,9.6,10.5,0.9
2026-06-16 08:00,AR,Argentina,7.91,10.5,2.59
2026-06-16 08:00,BR,Brasil,6.23,12.25,6.02
2026-06-16 08:00,DE,Alemanha,5.76,7.0,1.24
2026-06-16 08:00,NL,Holanda,4.73,4.0,-0.73
2026-06-16 08:00,US,EUA,3.32,2.375,-0.94
2026-06-16 08:00,NO,Noruega,2.29,3.0,0.71
2026-06-16 08:00,MA,Marrocos,2.01,3.25,1.24
2026-06-16 08:00,MX,Mexico,1.69,0.875,-0.81
2026-06-16 08:00,CO,Colombia,1.54,1.5,-0.04
2026-06-16 08:00,JP,Japao,1.36,1.25,-0.11
2026-06-16 08:00,BE,Belgica,1.36,3.0,1.64
2026-06-16 08:00,IRQ,Iraque,0.94,,
2026-06-16 08:00,COD,RD Congo,0.94,,
2026-06-16 08:00,BIH,Bosnia,0.94,,
2026-06-16 08:00,CZE,Tchequia,0.94,,
2026-06-16 08:00,UY,Uruguai,0.8,2.25,1.45
2026-06-16 08:00,CH,Suica,0.7,0.75,0.05
2026-06-16 08:00,HR,Croacia,0.7,1.25,0.55
2026-06-16 08:00,CIV,Costa do Marfim,0.51,1.0,0.49
2026-06-16 08:00,KR,Coreia do Sul,0.51,1.25,0.74
2026-06-16 08:00,SN,Senegal,0.51,,
2026-06-16 08:00,SE,Suecia,0.47,,
2026-06-16 08:00,TR,Turquia,0.42,0.5,0.08
2026-06-16 08:00,EC,Equador,0.33,0.75,0.42
2026-06-16 08:00,AT,Austria,0.33,,
2026-06-16 08:00,AU,Australia,0.28,,
2026-06-16 08:00,EGY,Egito,0.23,0.25,0.02
2026-06-16 08:00,CA,Canada,0.23,,
2026-06-16 08:00,DZA,Argelia,0.14,,
2026-06-16 08:00,SC,Escocia,0.14,0.25,0.11
2026-06-16 08:00,GH,Gana,0.14,,
2026-06-16 08:00,PAN,Panama,0.09,,
2026-06-16 08:00,HTI,Haiti,0.09,0.125,0.04
2026-06-16 08:00,CUW,Curacao,0.09,,
2026-06-16 08:00,QAT,Catar,0.09,,
2026-06-16 08:00,RSA,Africa do Sul,0.09,,
2026-06-16 08:00,CPV,Cabo Verde,0.09,,
2026-06-16 08:00,JOR,Jordania,0.09,,
2026-06-16 08:00,UZB,Uzbequistao,0.09,,
2026-06-16 08:00,NZL,Nova Zelandia,0.09,,
2026-06-16 08:00,TN,Tunisia,0.09,,
2026-06-16 08:00,SA,Arabia Saudita,0.09,0.25,0.16
2026-06-16 08:00,IR,Ira,0.09,,
2026-06-16 08:00,PY,Paraguai,0.09,,
2026-06-16 08:43,FR,Franca,16.44,18.25,1.81
2026-06-16 08:43,ES,Espanha,13.69,17.5,3.81
2026-06-16 08:43,PT,Portugal,10.6,11.5,0.9
2026-06-16 08:43,GB,Inglaterra,9.57,10.5,0.93
2026-06-16 08:43,AR,Argentina,7.89,10.5,2.61
2026-06-16 08:43,BR,Brasil,6.21,12.125,5.92
2026-06-16 08:43,DE,Alemanha,5.79,7.25,1.46
2026-06-16 08:43,NL,Holanda,4.67,4.0,-0.67
2026-06-16 08:43,US,EUA,3.32,2.375,-0.94
2026-06-16 08:43,NO,Noruega,2.29,3.0,0.71
2026-06-16 08:43,MA,Marrocos,2.01,3.25,1.24
2026-06-16 08:43,MX,Mexico,1.73,0.875,-0.85
2026-06-16 08:43,CO,Colombia,1.54,1.5,-0.04
2026-06-16 08:43,BE,Belgica,1.45,3.0,1.55
2026-06-16 08:43,JP,Japao,1.35,1.25,-0.1
2026-06-16 08:43,IRQ,Iraque,0.93,,
2026-06-16 08:43,COD,RD Congo,0.93,,
2026-06-16 08:43,BIH,Bosnia,0.93,,
2026-06-16 08:43,CZE,Tchequia,0.93,,
2026-06-16 08:43,UY,Uruguai,0.79,2.25,1.46
2026-06-16 08:43,CH,Suica,0.7,0.75,0.05
2026-06-16 08:43,HR,Croacia,0.7,1.25,0.55
2026-06-16 08:43,CIV,Costa do Marfim,0.51,1.0,0.49
2026-06-16 08:43,KR,Coreia do Sul,0.51,1.25,0.74
2026-06-16 08:43,SN,Senegal,0.51,,
2026-06-16 08:43,SE,Suecia,0.47,,
2026-06-16 08:43,TR,Turquia,0.42,0.5,0.08
2026-06-16 08:43,AU,Australia,0.33,,
2026-06-16 08:43,EC,Equador,0.33,0.75,0.42
2026-06-16 08:43,AT,Austria,0.33,,
2026-06-16 08:43,EGY,Egito,0.23,0.25,0.02
2026-06-16 08:43,CA,Canada,0.23,,
2026-06-16 08:43,DZA,Argelia,0.14,,
2026-06-16 08:43,SC,Escocia,0.14,0.25,0.11
2026-06-16 08:43,GH,Gana,0.14,,
2026-06-16 08:43,PAN,Panama,0.09,,
2026-06-16 08:43,HTI,Haiti,0.09,0.125,0.04
2026-06-16 08:43,CUW,Curacao,0.09,,
2026-06-16 08:43,QAT,Catar,0.09,,
2026-06-16 08:43,RSA,Africa do Sul,0.09,,
2026-06-16 08:43,CPV,Cabo Verde,0.09,,
2026-06-16 08:43,JOR,Jordania,0.09,,
2026-06-16 08:43,UZB,Uzbequistao,0.09,,
2026-06-16 08:43,NZL,Nova Zelandia,0.09,,
2026-06-16 08:43,TN,Tunisia,0.09,,
2026-06-16 08:43,SA,Arabia Saudita,0.09,0.25,0.16
2026-06-16 08:43,IR,Ira,0.09,,
2026-06-16 08:43,PY,Paraguai,0.09,,
2026-06-16 09:02,FR,Franca,16.41,18.25,1.84
2026-06-16 09:02,ES,Espanha,13.7,17.5,3.8
2026-06-16 09:02,PT,Portugal,10.66,11.5,0.84
2026-06-16 09:02,GB,Inglaterra,9.58,10.5,0.92
2026-06-16 09:02,AR,Argentina,7.9,10.5,2.6
2026-06-16 09:02,BR,Brasil,6.22,12.125,5.91
2026-06-16 09:02,DE,Alemanha,5.75,7.25,1.5
2026-06-16 09:02,NL,Holanda,4.68,4.0,-0.68
2026-06-16 09:02,US,EUA,3.27,2.375,-0.9
2026-06-16 09:02,NO,Noruega,2.29,3.0,0.71
2026-06-16 09:02,MA,Marrocos,2.01,3.25,1.24
2026-06-16 09:02,MX,Mexico,1.73,0.875,-0.85
2026-06-16 09:02,CO,Colombia,1.54,1.5,-0.04
2026-06-16 09:02,BE,Belgica,1.45,3.0,1.55
2026-06-16 09:02,JP,Japao,1.36,1.25,-0.11
2026-06-16 09:02,IRQ,Iraque,0.94,,
2026-06-16 09:02,COD,RD Congo,0.94,,
2026-06-16 09:02,BIH,Bosnia,0.94,,
2026-06-16 09:02,CZE,Tchequia,0.94,,
2026-06-16 09:02,UY,Uruguai,0.79,2.25,1.46
2026-06-16 09:02,CH,Suica,0.7,0.75,0.05
2026-06-16 09:02,HR,Croacia,0.7,1.25,0.55
2026-06-16 09:02,CIV,Costa do Marfim,0.51,1.0,0.49
2026-06-16 09:02,KR,Coreia do Sul,0.51,1.25,0.74
2026-06-16 09:02,SN,Senegal,0.51,,
2026-06-16 09:02,SE,Suecia,0.47,,
2026-06-16 09:02,TR,Turquia,0.42,0.5,0.08
2026-06-16 09:02,AU,Australia,0.33,,
2026-06-16 09:02,EC,Equador,0.33,0.75,0.42
2026-06-16 09:02,AT,Austria,0.33,,
2026-06-16 09:02,EGY,Egito,0.23,0.25,0.02
2026-06-16 09:02,CA,Canada,0.23,,
2026-06-16 09:02,DZA,Argelia,0.14,,
2026-06-16 09:02,SC,Escocia,0.14,0.25,0.11
2026-06-16 09:02,GH,Gana,0.14,,
2026-06-16 09:02,PAN,Panama,0.09,,
2026-06-16 09:02,HTI,Haiti,0.09,0.125,0.04
2026-06-16 09:02,CUW,Curacao,0.09,,
2026-06-16 09:02,QAT,Catar,0.09,,
2026-06-16 09:02,RSA,Africa do Sul,0.09,,
2026-06-16 09:02,CPV,Cabo Verde,0.09,,
2026-06-16 09:02,JOR,Jordania,0.09,,
2026-06-16 09:02,UZB,Uzbequistao,0.09,,
2026-06-16 09:02,NZL,Nova Zelandia,0.09,,
2026-06-16 09:02,TN,Tunisia,0.09,,
2026-06-16 09:02,SA,Arabia Saudita,0.09,0.25,0.16
2026-06-16 09:02,IR,Ira,0.09,,
2026-06-16 09:02,PY,Paraguai,0.09,,
2026-06-16 12:14,FR,Franca,16.41,18.25,1.84
2026-06-16 12:14,ES,Espanha,13.7,17.5,3.8
2026-06-16 12:14,PT,Portugal,10.66,11.5,0.84
2026-06-16 12:14,GB,Inglaterra,9.58,10.5,0.92
2026-06-16 12:14,AR,Argentina,7.9,10.5,2.6
2026-06-16 12:14,BR,Brasil,6.22,12.125,5.91
2026-06-16 12:14,DE,Alemanha,5.75,7.25,1.5
2026-06-16 12:14,NL,Holanda,4.68,4.0,-0.68
2026-06-16 12:14,US,EUA,3.27,2.375,-0.9
2026-06-16 12:14,NO,Noruega,2.29,3.0,0.71
2026-06-16 12:14,MA,Marrocos,2.01,3.25,1.24
2026-06-16 12:14,MX,Mexico,1.73,0.875,-0.85
2026-06-16 12:14,CO,Colombia,1.54,1.5,-0.04
2026-06-16 12:14,BE,Belgica,1.45,3.0,1.55
2026-06-16 12:14,JP,Japao,1.36,1.25,-0.11
2026-06-16 12:14,IRQ,Iraque,0.94,,
2026-06-16 12:14,COD,RD Congo,0.94,,
2026-06-16 12:14,BIH,Bosnia,0.94,,
2026-06-16 12:14,CZE,Tchequia,0.94,,
2026-06-16 12:14,UY,Uruguai,0.79,2.25,1.46
2026-06-16 12:14,CH,Suica,0.7,0.75,0.05
2026-06-16 12:14,HR,Croacia,0.7,1.25,0.55
2026-06-16 12:14,CIV,Costa do Marfim,0.51,1.0,0.49
2026-06-16 12:14,KR,Coreia do Sul,0.51,1.25,0.74
2026-06-16 12:14,SN,Senegal,0.51,,
2026-06-16 12:14,SE,Suecia,0.47,,
2026-06-16 12:14,TR,Turquia,0.42,0.5,0.08
2026-06-16 12:14,AU,Australia,0.33,,
2026-06-16 12:14,EC,Equador,0.33,0.75,0.42
2026-06-16 12:14,AT,Austria,0.33,,
2026-06-16 12:14,EGY,Egito,0.23,0.25,0.02
2026-06-16 12:14,CA,Canada,0.23,,
2026-06-16 12:14,DZA,Argelia,0.14,,
2026-06-16 12:14,SC,Escocia,0.14,0.25,0.11
2026-06-16 12:14,GH,Gana,0.14,,
2026-06-16 12:14,PAN,Panama,0.09,,
2026-06-16 12:14,HTI,Haiti,0.09,0.125,0.04
2026-06-16 12:14,CUW,Curacao,0.09,,
2026-06-16 12:14,QAT,Catar,0.09,,
2026-06-16 12:14,RSA,Africa do Sul,0.09,,
2026-06-16 12:14,CPV,Cabo Verde,0.09,,
2026-06-16 12:14,JOR,Jordania,0.09,,
2026-06-16 12:14,UZB,Uzbequistao,0.09,,
2026-06-16 12:14,NZL,Nova Zelandia,0.09,,
2026-06-16 12:14,TN,Tunisia,0.09,,
2026-06-16 12:14,SA,Arabia Saudita,0.09,0.25,0.16
2026-06-16 12:14,IR,Ira,0.09,,
2026-06-16 12:14,PY,Paraguai,0.09,,
2026-06-16 12:21,FR,Franca,16.82,18.25,1.43
2026-06-16 12:21,ES,Espanha,13.58,17.5,3.92
2026-06-16 12:21,PT,Portugal,10.89,11.5,0.61
2026-06-16 12:21,GB,Inglaterra,9.5,10.5,1.0
2026-06-16 12:21,AR,Argentina,7.83,10.5,2.67
2026-06-16 12:21,BR,Brasil,6.16,12.125,5.96
2026-06-16 12:21,DE,Alemanha,5.7,7.25,1.55
2026-06-16 12:21,NL,Holanda,4.59,4.0,-0.59
2026-06-16 12:21,US,EUA,3.2,2.375,-0.83
2026-06-16 12:21,NO,Noruega,2.27,3.0,0.73
2026-06-16 12:21,MA,Marrocos,1.99,3.25,1.26
2026-06-16 12:21,MX,Mexico,1.71,0.875,-0.83
2026-06-16 12:21,CO,Colombia,1.53,1.5,-0.03
2026-06-16 12:21,BE,Belgica,1.48,3.0,1.52
2026-06-16 12:21,JP,Japao,1.34,1.25,-0.09
2026-06-16 12:21,IRQ,Iraque,0.93,,
2026-06-16 12:21,COD,RD Congo,0.93,,
2026-06-16 12:21,BIH,Bosnia,0.93,,
2026-06-16 12:21,CZE,Tchequia,0.93,,
2026-06-16 12:21,UY,Uruguai,0.79,2.25,1.46
2026-06-16 12:21,CH,Suica,0.7,0.75,0.05
2026-06-16 12:21,HR,Croacia,0.7,1.25,0.55
2026-06-16 12:21,CIV,Costa do Marfim,0.51,1.0,0.49
2026-06-16 12:21,KR,Coreia do Sul,0.51,1.25,0.74
2026-06-16 12:21,SN,Senegal,0.51,,
2026-06-16 12:21,SE,Suecia,0.51,,
2026-06-16 12:21,TR,Turquia,0.42,0.5,0.08
2026-06-16 12:21,AU,Australia,0.32,,
2026-06-16 12:21,EC,Equador,0.32,0.75,0.43
2026-06-16 12:21,AT,Austria,0.32,,
2026-06-16 12:21,EGY,Egito,0.23,0.25,0.02
2026-06-16 12:21,CA,Canada,0.23,,
2026-06-16 12:21,DZA,Argelia,0.14,,
2026-06-16 12:21,SC,Escocia,0.14,0.25,0.11
2026-06-16 12:21,GH,Gana,0.14,,
2026-06-16 12:21,PAN,Panama,0.09,,
2026-06-16 12:21,HTI,Haiti,0.09,0.125,0.04
2026-06-16 12:21,CUW,Curacao,0.09,,
2026-06-16 12:21,QAT,Catar,0.09,,
2026-06-16 12:21,RSA,Africa do Sul,0.09,,
2026-06-16 12:21,CPV,Cabo Verde,0.09,,
2026-06-16 12:21,JOR,Jordania,0.09,,
2026-06-16 12:21,UZB,Uzbequistao,0.09,,
2026-06-16 12:21,NZL,Nova Zelandia,0.09,,
2026-06-16 12:21,TN,Tunisia,0.09,,
2026-06-16 12:21,SA,Arabia Saudita,0.09,0.25,0.16
2026-06-16 12:21,IR,Ira,0.09,,
2026-06-16 12:21,PY,Paraguai,0.09,,
2026-06-17 08:00,FR,Franca,16.82,18.25,1.43
2026-06-17 08:00,ES,Espanha,13.58,17.5,3.92
2026-06-17 08:00,PT,Portugal,10.89,11.5,0.61
2026-06-17 08:00,GB,Inglaterra,9.5,10.5,1.0
2026-06-17 08:00,AR,Argentina,7.83,10.5,2.67
2026-06-17 08:00,BR,Brasil,6.16,12.125,5.96
2026-06-17 08:00,DE,Alemanha,5.7,7.25,1.55
2026-06-17 08:00,NL,Holanda,4.59,4.0,-0.59
2026-06-17 08:00,US,EUA,3.2,2.375,-0.83
2026-06-17 08:00,NO,Noruega,2.27,3.0,0.73
2026-06-17 08:00,MA,Marrocos,1.99,3.25,1.26
2026-06-17 08:00,MX,Mexico,1.71,0.875,-0.83
2026-06-17 08:00,CO,Colombia,1.53,1.5,-0.03
2026-06-17 08:00,BE,Belgica,1.48,3.0,1.52
2026-06-17 08:00,JP,Japao,1.34,1.25,-0.09
2026-06-17 08:00,IRQ,Iraque,0.93,,
2026-06-17 08:00,COD,RD Congo,0.93,,
2026-06-17 08:00,BIH,Bosnia,0.93,,
2026-06-17 08:00,CZE,Tchequia,0.93,,
2026-06-17 08:00,UY,Uruguai,0.79,2.25,1.46
2026-06-17 08:00,CH,Suica,0.7,0.75,0.05
2026-06-17 08:00,HR,Croacia,0.7,1.25,0.55
2026-06-17 08:00,CIV,Costa do Marfim,0.51,1.0,0.49
2026-06-17 08:00,KR,Coreia do Sul,0.51,1.25,0.74
2026-06-17 08:00,SN,Senegal,0.51,,
2026-06-17 08:00,SE,Suecia,0.51,,
2026-06-17 08:00,TR,Turquia,0.42,0.5,0.08
2026-06-17 08:00,AU,Australia,0.32,,
2026-06-17 08:00,EC,Equador,0.32,0.75,0.43
2026-06-17 08:00,AT,Austria,0.32,,
2026-06-17 08:00,EGY,Egito,0.23,0.25,0.02
2026-06-17 08:00,CA,Canada,0.23,,
2026-06-17 08:00,DZA,Argelia,0.14,,
2026-06-17 08:00,SC,Escocia,0.14,0.25,0.11
2026-06-17 08:00,GH,Gana,0.14,,
2026-06-17 08:00,PAN,Panama,0.09,,
2026-06-17 08:00,HTI,Haiti,0.09,0.125,0.04
2026-06-17 08:00,CUW,Curacao,0.09,,
2026-06-17 08:00,QAT,Catar,0.09,,
2026-06-17 08:00,RSA,Africa do Sul,0.09,,
2026-06-17 08:00,CPV,Cabo Verde,0.09,,
2026-06-17 08:00,JOR,Jordania,0.09,,
2026-06-17 08:00,UZB,Uzbequistao,0.09,,
2026-06-17 08:00,NZL,Nova Zelandia,0.09,,
2026-06-17 08:00,TN,Tunisia,0.09,,
2026-06-17 08:00,SA,Arabia Saudita,0.09,0.25,0.16
2026-06-17 08:00,IR,Ira,0.09,,
2026-06-17 08:00,PY,Paraguai,0.09,,
2026-06-17 14:33,FR,Franca,16.98,18.25,1.27
2026-06-17 14:33,ES,Espanha,11.92,17.5,5.58
2026-06-17 14:33,PT,Portugal,10.81,11.5,0.69
2026-06-17 14:33,AR,Argentina,9.62,10.5,0.88
2026-06-17 14:33,GB,Inglaterra,9.53,10.5,0.97
2026-06-17 14:33,BR,Brasil,6.21,12.125,5.92
2026-06-17 14:33,DE,Alemanha,5.57,7.25,1.68
2026-06-17 14:33,NL,Holanda,3.96,4.0,0.04
2026-06-17 14:33,US,EUA,3.45,2.375,-1.08
2026-06-17 14:33,NO,Noruega,2.62,3.0,0.38
2026-06-17 14:33,MA,Marrocos,2.07,3.25,1.18
2026-06-17 14:33,MX,Mexico,1.61,0.875,-0.74
2026-06-17 14:33,BE,Belgica,1.61,3.0,1.39
2026-06-17 14:33,CO,Colombia,1.52,1.5,-0.02
2026-06-17 14:33,JP,Japao,1.43,1.25,-0.18
2026-06-17 14:33,IRQ,Iraque,0.92,,
2026-06-17 14:33,COD,RD Congo,0.92,,
2026-06-17 14:33,BIH,Bosnia,0.92,,
2026-06-17 14:33,CZE,Tchequia,0.92,,
2026-06-17 14:33,CH,Suica,0.69,0.75,0.06
2026-06-17 14:33,HR,Croacia,0.69,1.25,0.56
2026-06-17 14:33,CIV,Costa do Marfim,0.6,1.0,0.4
2026-06-17 14:33,SN,Senegal,0.51,,
2026-06-17 14:33,TR,Turquia,0.41,0.5,0.09
2026-06-17 14:33,KR,Coreia do Sul,0.41,1.25,0.84
2026-06-17 14:33,SE,Suecia,0.41,,
2026-06-17 14:33,EC,Equador,0.41,0.75,0.34
2026-06-17 14:33,AT,Austria,0.41,,
2026-06-17 14:33,UY,Uruguai,0.41,2.25,1.84
2026-06-17 14:33,AU,Australia,0.32,,
2026-06-17 14:33,EGY,Egito,0.23,0.25,0.02
2026-06-17 14:33,SC,Escocia,0.23,0.25,0.02
2026-06-17 14:33,CA,Canada,0.23,,
2026-06-17 14:33,GH,Gana,0.14,,
2026-06-17 14:33,PAN,Panama,0.09,,
2026-06-17 14:33,HTI,Haiti,0.09,0.125,0.04
2026-06-17 14:33,CUW,Curacao,0.09,,
2026-06-17 14:33,QAT,Catar,0.09,,
2026-06-17 14:33,RSA,Africa do Sul,0.09,,
2026-06-17 14:33,CPV,Cabo Verde,0.09,,
2026-06-17 14:33,DZA,Argelia,0.09,,
2026-06-17 14:33,JOR,Jordania,0.09,,
2026-06-17 14:33,UZB,Uzbequistao,0.09,,
2026-06-17 14:33,NZL,Nova Zelandia,0.09,,
2026-06-17 14:33,TN,Tunisia,0.09,,
2026-06-17 14:33,SA,Arabia Saudita,0.09,0.25,0.16
2026-06-17 14:33,IR,Ira,0.09,,
2026-06-17 14:33,PY,Paraguai,0.09,,
2026-06-17 19:10,FR,Franca,16.9,18.25,1.35
2026-06-17 19:10,ES,Espanha,12.45,17.5,5.05
2026-06-17 19:10,GB,Inglaterra,11.49,10.5,-0.99
2026-06-17 19:10,AR,Argentina,10.58,10.5,-0.08
2026-06-17 19:10,PT,Portugal,8.06,11.5,3.44
2026-06-17 19:10,BR,Brasil,6.18,12.125,5.95
2026-06-17 19:10,DE,Alemanha,5.45,7.25,1.8
2026-06-17 19:10,NL,Holanda,3.98,4.0,0.02
2026-06-17 19:10,US,EUA,3.3,2.375,-0.92
2026-06-17 19:10,NO,Noruega,2.43,3.0,0.57
2026-06-17 19:10,MA,Marrocos,1.97,3.25,1.28
2026-06-17 19:10,BE,Belgica,1.6,3.0,1.4
2026-06-17 19:10,MX,Mexico,1.51,0.875,-0.64
2026-06-17 19:10,CO,Colombia,1.51,1.5,-0.01
2026-06-17 19:10,JP,Japao,1.42,1.25,-0.17
2026-06-17 19:10,IRQ,Iraque,0.92,,
2026-06-17 19:10,COD,RD Congo,0.92,,
2026-06-17 19:10,BIH,Bosnia,0.92,,
2026-06-17 19:10,CZE,Tchequia,0.92,,
2026-06-17 19:10,HR,Croacia,0.87,1.25,0.38
2026-06-17 19:10,CH,Suica,0.69,0.75,0.06
2026-06-17 19:10,UY,Uruguai,0.6,2.25,1.65
2026-06-17 19:10,CIV,Costa do Marfim,0.5,1.0,0.5
2026-06-17 19:10,SN,Senegal,0.5,,
2026-06-17 19:10,TR,Turquia,0.41,0.5,0.09
2026-06-17 19:10,KR,Coreia do Sul,0.41,1.25,0.84
2026-06-17 19:10,SE,Suecia,0.41,,
2026-06-17 19:10,EC,Equador,0.41,0.75,0.34
2026-06-17 19:10,AU,Australia,0.32,,
2026-06-17 19:10,AT,Austria,0.32,,
2026-06-17 19:10,EGY,Egito,0.23,0.25,0.02
2026-06-17 19:10,SC,Escocia,0.23,0.25,0.02
2026-06-17 19:10,CA,Canada,0.23,,
2026-06-17 19:10,PAN,Panama,0.09,,
2026-06-17 19:10,HTI,Haiti,0.09,0.125,0.04
2026-06-17 19:10,CUW,Curacao,0.09,,
2026-06-17 19:10,QAT,Catar,0.09,,
2026-06-17 19:10,RSA,Africa do Sul,0.09,,
2026-06-17 19:10,CPV,Cabo Verde,0.09,,
2026-06-17 19:10,DZA,Argelia,0.09,,
2026-06-17 19:10,JOR,Jordania,0.09,,
2026-06-17 19:10,UZB,Uzbequistao,0.09,,
2026-06-17 19:10,NZL,Nova Zelandia,0.09,,
2026-06-17 19:10,TN,Tunisia,0.09,,
2026-06-17 19:10,SA,Arabia Saudita,0.09,0.25,0.16
2026-06-17 19:10,IR,Ira,0.09,,
2026-06-17 19:10,PY,Paraguai,0.09,,
2026-06-17 19:10,GH,Gana,0.09,,
2026-06-17 19:45,FR,Franca,16.9,20.25,3.35
2026-06-17 19:45,ES,Espanha,12.45,16.875,4.43
2026-06-17 19:45,GB,Inglaterra,11.49,39.5,28.01
2026-06-17 19:45,AR,Argentina,10.58,10.5,-0.08
2026-06-17 19:45,PT,Portugal,8.06,10.5,2.44
2026-06-17 19:45,BR,Brasil,6.18,11.75,5.57
2026-06-17 19:45,DE,Alemanha,5.45,7.625,2.17
2026-06-17 19:45,NL,Holanda,3.98,4.0,0.02
2026-06-17 19:45,US,EUA,3.3,2.375,-0.92
2026-06-17 19:45,NO,Noruega,2.43,3.0,0.57
2026-06-17 19:45,MA,Marrocos,1.97,3.25,1.28
2026-06-17 19:45,BE,Belgica,1.6,3.0,1.4
2026-06-17 19:45,MX,Mexico,1.51,0.875,-0.64
2026-06-17 19:45,CO,Colombia,1.51,1.5,-0.01
2026-06-17 19:45,JP,Japao,1.42,1.25,-0.17
2026-06-17 19:45,IRQ,Iraque,0.92,,
2026-06-17 19:45,COD,RD Congo,0.92,,
2026-06-17 19:45,BIH,Bosnia,0.92,,
2026-06-17 19:45,CZE,Tchequia,0.92,,
2026-06-17 19:45,HR,Croacia,0.87,36.681,35.81
2026-06-17 19:45,CH,Suica,0.69,0.75,0.06
2026-06-17 19:45,UY,Uruguai,0.6,2.25,1.65
2026-06-17 19:45,CIV,Costa do Marfim,0.5,1.0,0.5
2026-06-17 19:45,SN,Senegal,0.5,,
2026-06-17 19:45,TR,Turquia,0.41,0.5,0.09
2026-06-17 19:45,KR,Coreia do Sul,0.41,1.25,0.84
2026-06-17 19:45,SE,Suecia,0.41,,
2026-06-17 19:45,EC,Equador,0.41,0.75,0.34
2026-06-17 19:45,AU,Australia,0.32,,
2026-06-17 19:45,AT,Austria,0.32,,
2026-06-17 19:45,EGY,Egito,0.23,0.25,0.02
2026-06-17 19:45,SC,Escocia,0.23,0.25,0.02
2026-06-17 19:45,CA,Canada,0.23,,
2026-06-17 19:45,PAN,Panama,0.09,,
2026-06-17 19:45,HTI,Haiti,0.09,0.125,0.04
2026-06-17 19:45,CUW,Curacao,0.09,,
2026-06-17 19:45,QAT,Catar,0.09,,
2026-06-17 19:45,RSA,Africa do Sul,0.09,,
2026-06-17 19:45,CPV,Cabo Verde,0.09,,
2026-06-17 19:45,DZA,Argelia,0.09,,
2026-06-17 19:45,JOR,Jordania,0.09,,
2026-06-17 19:45,UZB,Uzbequistao,0.09,,
2026-06-17 19:45,NZL,Nova Zelandia,0.09,,
2026-06-17 19:45,TN,Tunisia,0.09,,
2026-06-17 19:45,SA,Arabia Saudita,0.09,0.25,0.16
2026-06-17 19:45,IR,Ira,0.09,,
2026-06-17 19:45,PY,Paraguai,0.09,,
2026-06-17 19:45,GH,Gana,0.09,,
2026-06-17 19:49,FR,Franca,16.67,20.25,3.58
2026-06-17 19:49,ES,Espanha,12.48,16.875,4.39
2026-06-17 19:49,GB,Inglaterra,11.84,12.5,0.66
2026-06-17 19:49,AR,Argentina,10.55,10.5,-0.05
2026-06-17 19:49,PT,Portugal,7.88,10.5,2.62
2026-06-17 19:49,BR,Brasil,6.22,11.75,5.53
2026-06-17 19:49,DE,Alemanha,5.57,7.625,2.05
2026-06-17 19:49,NL,Holanda,4.1,4.0,-0.1
2026-06-17 19:49,US,EUA,3.55,2.375,-1.17
2026-06-17 19:49,NO,Noruega,2.3,3.0,0.7
2026-06-17 19:49,MA,Marrocos,1.89,3.25,1.36
2026-06-17 19:49,CO,Colombia,1.61,1.5,-0.11
2026-06-17 19:49,BE,Belgica,1.61,3.0,1.39
2026-06-17 19:49,MX,Mexico,1.47,0.875,-0.59
2026-06-17 19:49,JP,Japao,1.43,1.25,-0.18
2026-06-17 19:49,IRQ,Iraque,0.92,,
2026-06-17 19:49,COD,RD Congo,0.92,,
2026-06-17 19:49,BIH,Bosnia,0.92,,
2026-06-17 19:49,CZE,Tchequia,0.92,,
2026-06-17 19:49,HR,Croacia,0.69,0.725,0.04
2026-06-17 19:49,CH,Suica,0.6,0.75,0.15
2026-06-17 19:49,UY,Uruguai,0.6,2.25,1.65
2026-06-17 19:49,CIV,Costa do Marfim,0.51,1.0,0.49
2026-06-17 19:49,TR,Turquia,0.41,0.5,0.09
2026-06-17 19:49,KR,Coreia do Sul,0.41,1.25,0.84
2026-06-17 19:49,SN,Senegal,0.41,,
2026-06-17 19:49,SE,Suecia,0.41,,
2026-06-17 19:49,EC,Equador,0.41,0.75,0.34
2026-06-17 19:49,AU,Australia,0.32,,
2026-06-17 19:49,AT,Austria,0.32,,
2026-06-17 19:49,EGY,Egito,0.23,0.25,0.02
2026-06-17 19:49,CA,Canada,0.23,,
2026-06-17 19:49,SC,Escocia,0.14,0.25,0.11
2026-06-17 19:49,GH,Gana,0.14,,
2026-06-17 19:49,PAN,Panama,0.09,,
2026-06-17 19:49,HTI,Haiti,0.09,0.125,0.04
2026-06-17 19:49,CUW,Curacao,0.09,,
2026-06-17 19:49,QAT,Catar,0.09,,
2026-06-17 19:49,RSA,Africa do Sul,0.09,,
2026-06-17 19:49,CPV,Cabo Verde,0.09,,
2026-06-17 19:49,DZA,Argelia,0.09,,
2026-06-17 19:49,JOR,Jordania,0.09,,
2026-06-17 19:49,UZB,Uzbequistao,0.09,,
2026-06-17 19:49,NZL,Nova Zelandia,0.09,,
2026-06-17 19:49,TN,Tunisia,0.09,,
2026-06-17 19:49,SA,Arabia Saudita,0.09,0.25,0.16
2026-06-17 19:49,IR,Ira,0.09,,
2026-06-17 19:49,PY,Paraguai,0.09,,
2026-06-18 07:25,FR,Franca,17.27,20.25,2.98
2026-06-18 07:25,ES,Espanha,12.56,16.875,4.31
2026-06-18 07:25,GB,Inglaterra,12.0,12.5,0.5
2026-06-18 07:25,AR,Argentina,10.22,10.5,0.28
2026-06-18 07:25,PT,Portugal,7.8,10.5,2.7
2026-06-18 07:25,BR,Brasil,6.3,11.75,5.45
2026-06-18 07:25,DE,Alemanha,5.46,7.625,2.17
2026-06-18 07:25,NL,Holanda,4.06,4.0,-0.06
2026-06-18 07:25,US,EUA,3.31,2.375,-0.94
2026-06-18 07:25,NO,Noruega,2.38,3.0,0.62
2026-06-18 07:25,MA,Marrocos,1.77,3.25,1.48
2026-06-18 07:25,BE,Belgica,1.63,3.0,1.37
2026-06-18 07:25,CO,Colombia,1.59,1.5,-0.09
2026-06-18 07:25,MX,Mexico,1.54,0.875,-0.67
2026-06-18 07:25,JP,Japao,1.45,1.25,-0.2
2026-06-18 07:25,IRQ,Iraque,0.93,,
2026-06-18 07:25,COD,RD Congo,0.93,,
2026-06-18 07:25,BIH,Bosnia,0.93,,
2026-06-18 07:25,CZE,Tchequia,0.93,,
2026-06-18 07:25,CH,Suica,0.7,0.75,0.05
2026-06-18 07:25,HR,Croacia,0.61,0.725,0.11
2026-06-18 07:25,UY,Uruguai,0.51,2.25,1.74
2026-06-18 07:25,CIV,Costa do Marfim,0.42,1.0,0.58
2026-06-18 07:25,TR,Turquia,0.42,0.5,0.08
2026-06-18 07:25,SN,Senegal,0.42,,
2026-06-18 07:25,SE,Suecia,0.42,,
2026-06-18 07:25,EC,Equador,0.42,0.75,0.33
2026-06-18 07:25,KR,Coreia do Sul,0.33,1.25,0.92
2026-06-18 07:25,AT,Austria,0.33,,
2026-06-18 07:25,EGY,Egito,0.23,0.25,0.02
2026-06-18 07:25,AU,Australia,0.23,,
2026-06-18 07:25,CA,Canada,0.23,,
2026-06-18 07:25,DZA,Argelia,0.14,,
2026-06-18 07:25,SC,Escocia,0.14,0.25,0.11
2026-06-18 07:25,GH,Gana,0.14,,
2026-06-18 07:25,PAN,Panama,0.09,,
2026-06-18 07:25,HTI,Haiti,0.09,0.125,0.04
2026-06-18 07:25,CUW,Curacao,0.09,,
2026-06-18 07:25,QAT,Catar,0.09,,
2026-06-18 07:25,RSA,Africa do Sul,0.09,,
2026-06-18 07:25,CPV,Cabo Verde,0.09,,
2026-06-18 07:25,JOR,Jordania,0.09,,
2026-06-18 07:25,UZB,Uzbequistao,0.09,,
2026-06-18 07:25,NZL,Nova Zelandia,0.09,,
2026-06-18 07:25,TN,Tunisia,0.09,,
2026-06-18 07:25,SA,Arabia Saudita,0.09,0.25,0.16
2026-06-18 07:25,IR,Ira,0.09,,
2026-06-18 07:25,PY,Paraguai,0.09,,
2026-06-18 10:27,FR,Franca,17.27,20.25,2.98
2026-06-18 10:27,ES,Espanha,12.56,16.875,4.31
2026-06-18 10:27,GB,Inglaterra,12.0,12.5,0.5
2026-06-18 10:27,AR,Argentina,10.22,10.5,0.28
2026-06-18 10:27,PT,Portugal,7.8,10.5,2.7
2026-06-18 10:27,BR,Brasil,6.3,11.75,5.45
2026-06-18 10:27,DE,Alemanha,5.46,7.625,2.17
2026-06-18 10:27,NL,Holanda,4.06,4.0,-0.06
2026-06-18 10:27,US,EUA,3.31,2.375,-0.94
2026-06-18 10:27,NO,Noruega,2.38,3.0,0.62
2026-06-18 10:27,MA,Marrocos,1.77,3.25,1.48
2026-06-18 10:27,BE,Belgica,1.63,3.0,1.37
2026-06-18 10:27,CO,Colombia,1.59,1.5,-0.09
2026-06-18 10:27,MX,Mexico,1.54,0.875,-0.67
2026-06-18 10:27,JP,Japao,1.45,1.25,-0.2
2026-06-18 10:27,IRQ,Iraque,0.93,,
2026-06-18 10:27,COD,RD Congo,0.93,,
2026-06-18 10:27,BIH,Bosnia,0.93,,
2026-06-18 10:27,CZE,Tchequia,0.93,,
2026-06-18 10:27,CH,Suica,0.7,0.75,0.05
2026-06-18 10:27,HR,Croacia,0.61,0.725,0.11
2026-06-18 10:27,UY,Uruguai,0.51,2.25,1.74
2026-06-18 10:27,CIV,Costa do Marfim,0.42,1.0,0.58
2026-06-18 10:27,TR,Turquia,0.42,0.5,0.08
2026-06-18 10:27,SN,Senegal,0.42,,
2026-06-18 10:27,SE,Suecia,0.42,,
2026-06-18 10:27,EC,Equador,0.42,0.75,0.33
2026-06-18 10:27,KR,Coreia do Sul,0.33,1.25,0.92
2026-06-18 10:27,AT,Austria,0.33,,
2026-06-18 10:27,EGY,Egito,0.23,0.25,0.02
2026-06-18 10:27,AU,Australia,0.23,,
2026-06-18 10:27,CA,Canada,0.23,,
2026-06-18 10:27,DZA,Argelia,0.14,,
2026-06-18 10:27,SC,Escocia,0.14,0.25,0.11
2026-06-18 10:27,GH,Gana,0.14,,
2026-06-18 10:27,PAN,Panama,0.09,,
2026-06-18 10:27,HTI,Haiti,0.09,0.125,0.04
2026-06-18 10:27,CUW,Curacao,0.09,,
2026-06-18 10:27,QAT,Catar,0.09,,
2026-06-18 10:27,RSA,Africa do Sul,0.09,,
2026-06-18 10:27,CPV,Cabo Verde,0.09,,
2026-06-18 10:27,JOR,Jordania,0.09,,
2026-06-18 10:27,UZB,Uzbequistao,0.09,,
2026-06-18 10:27,NZL,Nova Zelandia,0.09,,
2026-06-18 10:27,TN,Tunisia,0.09,,
2026-06-18 10:27,SA,Arabia Saudita,0.09,0.25,0.16
2026-06-18 10:27,IR,Ira,0.09,,
2026-06-18 10:27,PY,Paraguai,0.09,,
2026-06-18 11:10,FR,Franca,17.28,20.25,2.97
2026-06-18 11:10,ES,Espanha,12.56,16.875,4.31
2026-06-18 11:10,GB,Inglaterra,12.0,12.5,0.5
2026-06-18 11:10,AR,Argentina,10.23,10.5,0.27
2026-06-18 11:10,PT,Portugal,7.75,10.5,2.75
2026-06-18 11:10,BR,Brasil,6.31,11.75,5.44
2026-06-18 11:10,DE,Alemanha,5.46,7.625,2.17
2026-06-18 11:10,NL,Holanda,4.06,4.0,-0.06
2026-06-18 11:10,US,EUA,3.32,2.375,-0.94
2026-06-18 11:10,NO,Noruega,2.38,3.0,0.62
2026-06-18 11:10,MA,Marrocos,1.73,3.25,1.52
2026-06-18 11:10,CO,Colombia,1.63,1.5,-0.13
2026-06-18 11:10,BE,Belgica,1.63,3.0,1.37
2026-06-18 11:10,MX,Mexico,1.54,0.875,-0.67
2026-06-18 11:10,JP,Japao,1.45,1.25,-0.2
2026-06-18 11:10,IRQ,Iraque,0.93,,
2026-06-18 11:10,COD,RD Congo,0.93,,
2026-06-18 11:10,BIH,Bosnia,0.93,,
2026-06-18 11:10,CZE,Tchequia,0.93,,
2026-06-18 11:10,CH,Suica,0.7,0.75,0.05
2026-06-18 11:10,HR,Croacia,0.61,0.725,0.11
2026-06-18 11:10,UY,Uruguai,0.51,2.25,1.74
2026-06-18 11:10,CIV,Costa do Marfim,0.42,1.0,0.58
2026-06-18 11:10,TR,Turquia,0.42,0.5,0.08
2026-06-18 11:10,SN,Senegal,0.42,,
2026-06-18 11:10,SE,Suecia,0.42,,
2026-06-18 11:10,EC,Equador,0.42,0.75,0.33
2026-06-18 11:10,KR,Coreia do Sul,0.33,1.25,0.92
2026-06-18 11:10,AT,Austria,0.33,,
2026-06-18 11:10,EGY,Egito,0.23,0.25,0.02
2026-06-18 11:10,AU,Australia,0.23,,
2026-06-18 11:10,CA,Canada,0.23,,
2026-06-18 11:10,DZA,Argelia,0.14,,
2026-06-18 11:10,SC,Escocia,0.14,0.25,0.11
2026-06-18 11:10,GH,Gana,0.14,,
2026-06-18 11:10,PAN,Panama,0.09,,
2026-06-18 11:10,HTI,Haiti,0.09,0.125,0.04
2026-06-18 11:10,CUW,Curacao,0.09,,
2026-06-18 11:10,QAT,Catar,0.09,,
2026-06-18 11:10,RSA,Africa do Sul,0.09,,
2026-06-18 11:10,CPV,Cabo Verde,0.09,,
2026-06-18 11:10,JOR,Jordania,0.09,,
2026-06-18 11:10,UZB,Uzbequistao,0.09,,
2026-06-18 11:10,NZL,Nova Zelandia,0.09,,
2026-06-18 11:10,TN,Tunisia,0.09,,
2026-06-18 11:10,SA,Arabia Saudita,0.09,0.25,0.16
2026-06-18 11:10,IR,Ira,0.09,,
2026-06-18 11:10,PY,Paraguai,0.09,,
2026-06-19 11:10,FR,Franca,17.28,20.25,2.97
2026-06-19 11:10,ES,Espanha,12.44,16.875,4.44
2026-06-19 11:10,GB,Inglaterra,11.97,12.5,0.53
2026-06-19 11:10,AR,Argentina,10.11,10.5,0.39
2026-06-19 11:10,PT,Portugal,7.55,10.5,2.95
2026-06-19 11:10,BR,Brasil,6.29,11.75,5.46
2026-06-19 11:10,DE,Alemanha,5.64,7.625,1.99
2026-06-19 11:10,NL,Holanda,3.96,4.0,0.04
2026-06-19 11:10,US,EUA,3.45,2.375,-1.08
2026-06-19 11:10,NO,Noruega,2.38,3.0,0.62
2026-06-19 11:10,MA,Marrocos,1.82,3.25,1.43
2026-06-19 11:10,CO,Colombia,1.72,1.5,-0.22
2026-06-19 11:10,BE,Belgica,1.54,3.0,1.46
2026-06-19 11:10,MX,Mexico,1.49,0.875,-0.61
2026-06-19 11:10,JP,Japao,1.44,1.25,-0.19
2026-06-19 11:10,IRQ,Iraque,0.93,,
2026-06-19 11:10,COD,RD Congo,0.93,,
2026-06-19 11:10,BIH,Bosnia,0.93,,
2026-06-19 11:10,CZE,Tchequia,0.93,,
2026-06-19 11:10,CH,Suica,0.88,0.75,-0.13
2026-06-19 11:10,HR,Croacia,0.61,0.725,0.11
2026-06-19 11:10,EC,Equador,0.51,0.75,0.24
2026-06-19 11:10,UY,Uruguai,0.51,2.25,1.74
2026-06-19 11:10,CIV,Costa do Marfim,0.42,1.0,0.58
2026-06-19 11:10,SN,Senegal,0.42,,
2026-06-19 11:10,SE,Suecia,0.42,,
2026-06-19 11:10,TR,Turquia,0.33,0.5,0.17
2026-06-19 11:10,KR,Coreia do Sul,0.33,1.25,0.92
2026-06-19 11:10,AU,Australia,0.33,,
2026-06-19 11:10,CA,Canada,0.33,,
2026-06-19 11:10,AT,Austria,0.33,,
2026-06-19 11:10,EGY,Egito,0.23,0.25,0.02
2026-06-19 11:10,SC,Escocia,0.14,0.25,0.11
2026-06-19 11:10,GH,Gana,0.14,,
2026-06-19 11:10,PAN,Panama,0.09,,
2026-06-19 11:10,HTI,Haiti,0.09,0.125,0.04
2026-06-19 11:10,CUW,Curacao,0.09,,
2026-06-19 11:10,QAT,Catar,0.09,,
2026-06-19 11:10,RSA,Africa do Sul,0.09,,
2026-06-19 11:10,CPV,Cabo Verde,0.09,,
2026-06-19 11:10,DZA,Argelia,0.09,,
2026-06-19 11:10,JOR,Jordania,0.09,,
2026-06-19 11:10,UZB,Uzbequistao,0.09,,
2026-06-19 11:10,NZL,Nova Zelandia,0.09,,
2026-06-19 11:10,TN,Tunisia,0.09,,
2026-06-19 11:10,SA,Arabia Saudita,0.09,0.25,0.16
2026-06-19 11:10,IR,Ira,0.09,,
2026-06-19 11:10,PY,Paraguai,0.09,,
2026-06-20 11:12,FR,Franca,17.79,20.25,2.46
2026-06-20 11:12,ES,Espanha,12.12,16.875,4.76
2026-06-20 11:12,GB,Inglaterra,11.94,12.5,0.56
2026-06-20 11:12,AR,Argentina,9.99,10.5,0.51
2026-06-20 11:12,BR,Brasil,6.36,11.75,5.39
2026-06-20 11:12,PT,Portugal,6.22,10.5,4.28
2026-06-20 11:12,DE,Alemanha,5.53,7.625,2.09
2026-06-20 11:12,US,EUA,5.16,2.375,-2.79
2026-06-20 11:12,NL,Holanda,3.86,4.0,0.14
2026-06-20 11:12,NO,Noruega,2.46,3.0,0.54
2026-06-20 11:12,MA,Marrocos,2.46,3.25,0.79
2026-06-20 11:12,MX,Mexico,1.72,0.875,-0.84
2026-06-20 11:12,CO,Colombia,1.63,1.5,-0.13
2026-06-20 11:12,BE,Belgica,1.44,3.0,1.56
2026-06-20 11:12,JP,Japao,1.25,1.25,0.0
2026-06-20 11:12,IRQ,Iraque,0.93,,
2026-06-20 11:12,COD,RD Congo,0.93,,
2026-06-20 11:12,BIH,Bosnia,0.93,,
2026-06-20 11:12,CZE,Tchequia,0.93,,
2026-06-20 11:12,CH,Suica,0.79,0.75,-0.04
2026-06-20 11:12,HR,Croacia,0.51,0.725,0.21
2026-06-20 11:12,CIV,Costa do Marfim,0.42,1.0,0.58
2026-06-20 11:12,SN,Senegal,0.42,,
2026-06-20 11:12,CA,Canada,0.42,,
2026-06-20 11:12,UY,Uruguai,0.42,2.25,1.83
2026-06-20 11:12,KR,Coreia do Sul,0.33,1.25,0.92
2026-06-20 11:12,SE,Suecia,0.33,,
2026-06-20 11:12,EC,Equador,0.33,0.75,0.42
2026-06-20 11:12,AT,Austria,0.33,,
2026-06-20 11:12,EGY,Egito,0.23,0.25,0.02
2026-06-20 11:12,SC,Escocia,0.14,0.25,0.11
2026-06-20 11:12,PY,Paraguai,0.14,,
2026-06-20 11:12,GH,Gana,0.14,,
2026-06-20 11:12,AU,Australia,0.14,,
2026-06-20 11:12,PAN,Panama,0.09,,
2026-06-20 11:12,HTI,Haiti,0.09,0.125,0.04
2026-06-20 11:12,CUW,Curacao,0.09,,
2026-06-20 11:12,QAT,Catar,0.09,,
2026-06-20 11:12,RSA,Africa do Sul,0.09,,
2026-06-20 11:12,CPV,Cabo Verde,0.09,,
2026-06-20 11:12,DZA,Argelia,0.09,,
2026-06-20 11:12,JOR,Jordania,0.09,,
2026-06-20 11:12,UZB,Uzbequistao,0.09,,
2026-06-20 11:12,NZL,Nova Zelandia,0.09,,
2026-06-20 11:12,TN,Tunisia,0.09,,
2026-06-20 11:12,SA,Arabia Saudita,0.09,0.25,0.16
2026-06-20 11:12,IR,Ira,0.09,,
2026-06-20 11:12,TR,Turquia,0.09,0.5,0.41

2026-06-18 21:18,FR,Franca,17.22,20.25,3.03
2026-06-18 21:18,ES,Espanha,12.3,16.875,4.57
2026-06-18 21:18,GB,Inglaterra,12.12,12.5,0.38
2026-06-18 21:18,AR,Argentina,10.03,10.5,0.47
2026-06-18 21:18,PT,Portugal,7.71,10.5,2.79
2026-06-18 21:18,BR,Brasil,6.27,11.75,5.48
2026-06-18 21:18,DE,Alemanha,5.52,7.625,2.11
2026-06-18 21:18,NL,Holanda,4.04,4.0,-0.04
2026-06-18 21:18,US,EUA,3.3,2.375,-0.92
2026-06-18 21:18,NO,Noruega,2.37,3.0,0.63
2026-06-18 21:18,MA,Marrocos,1.81,3.25,1.44
2026-06-18 21:18,CO,Colombia,1.62,1.5,-0.12
2026-06-18 21:18,MX,Mexico,1.53,0.875,-0.66
2026-06-18 21:18,BE,Belgica,1.53,3.0,1.47
2026-06-18 21:18,JP,Japao,1.44,1.25,-0.19
2026-06-18 21:18,IRQ,Iraque,0.93,,
2026-06-18 21:18,COD,RD Congo,0.93,,
2026-06-18 21:18,BIH,Bosnia,0.93,,
2026-06-18 21:18,CZE,Tchequia,0.93,,
2026-06-18 21:18,CH,Suica,0.88,0.75,-0.13
2026-06-18 21:18,HR,Croacia,0.6,0.725,0.12
2026-06-18 21:18,SN,Senegal,0.51,,
2026-06-18 21:18,UY,Uruguai,0.51,2.25,1.74
2026-06-18 21:18,CIV,Costa do Marfim,0.42,1.0,0.58
2026-06-18 21:18,KR,Coreia do Sul,0.42,1.25,0.83
2026-06-18 21:18,SE,Suecia,0.42,,
2026-06-18 21:18,EC,Equador,0.42,0.75,0.33
2026-06-18 21:18,CA,Canada,0.42,,
2026-06-18 21:18,TR,Turquia,0.32,0.5,0.18
2026-06-18 21:18,AU,Australia,0.32,,
2026-06-18 21:18,AT,Austria,0.32,,
2026-06-18 21:18,EGY,Egito,0.23,0.25,0.02
2026-06-18 21:18,DZA,Argelia,0.14,,
2026-06-18 21:18,IR,Ira,0.14,,
2026-06-18 21:18,SC,Escocia,0.14,0.25,0.11
2026-06-18 21:18,GH,Gana,0.14,,
2026-06-18 21:18,PAN,Panama,0.09,,
2026-06-18 21:18,HTI,Haiti,0.09,0.125,0.04
2026-06-18 21:18,CUW,Curacao,0.09,,
2026-06-18 21:18,QAT,Catar,0.09,,
2026-06-18 21:18,RSA,Africa do Sul,0.09,,
2026-06-18 21:18,CPV,Cabo Verde,0.09,,
2026-06-18 21:18,JOR,Jordania,0.09,,
2026-06-18 21:18,UZB,Uzbequistao,0.09,,
2026-06-18 21:18,NZL,Nova Zelandia,0.09,,
2026-06-18 21:18,TN,Tunisia,0.09,,
2026-06-18 21:18,SA,Arabia Saudita,0.09,0.25,0.16
2026-06-18 21:18,PY,Paraguai,0.09,,
2026-06-18 21:28,FR,Franca,17.4,20.25,2.85
2026-06-18 21:28,ES,Espanha,12.3,16.875,4.57
2026-06-18 21:28,GB,Inglaterra,12.11,12.5,0.39
2026-06-18 21:28,AR,Argentina,10.02,10.5,0.48
2026-06-18 21:28,PT,Portugal,7.56,10.5,2.94
2026-06-18 21:28,BR,Brasil,6.26,11.75,5.49
2026-06-18 21:28,DE,Alemanha,5.52,7.625,2.11
2026-06-18 21:28,NL,Holanda,4.04,4.0,-0.04
2026-06-18 21:28,US,EUA,3.29,2.375,-0.92
2026-06-18 21:28,NO,Noruega,2.37,3.0,0.63
2026-06-18 21:28,MA,Marrocos,1.81,3.25,1.44
2026-06-18 21:28,CO,Colombia,1.62,1.5,-0.12
2026-06-18 21:28,MX,Mexico,1.53,0.875,-0.66
2026-06-18 21:28,BE,Belgica,1.53,3.0,1.47
2026-06-18 21:28,JP,Japao,1.44,1.25,-0.19
2026-06-18 21:28,IRQ,Iraque,0.93,,
2026-06-18 21:28,COD,RD Congo,0.93,,
2026-06-18 21:28,BIH,Bosnia,0.93,,
2026-06-18 21:28,CZE,Tchequia,0.93,,
2026-06-18 21:28,CH,Suica,0.88,0.75,-0.13
2026-06-18 21:28,HR,Croacia,0.6,0.725,0.12
2026-06-18 21:28,SN,Senegal,0.51,,
2026-06-18 21:28,UY,Uruguai,0.51,2.25,1.74
2026-06-18 21:28,CIV,Costa do Marfim,0.42,1.0,0.58
2026-06-18 21:28,KR,Coreia do Sul,0.42,1.25,0.83
2026-06-18 21:28,SE,Suecia,0.42,,
2026-06-18 21:28,EC,Equador,0.42,0.75,0.33
2026-06-18 21:28,CA,Canada,0.42,,
2026-06-18 21:28,TR,Turquia,0.32,0.5,0.18
2026-06-18 21:28,AU,Australia,0.32,,
2026-06-18 21:28,AT,Austria,0.32,,
2026-06-18 21:28,EGY,Egito,0.23,0.25,0.02
2026-06-18 21:28,DZA,Argelia,0.14,,
2026-06-18 21:28,IR,Ira,0.14,,
2026-06-18 21:28,SC,Escocia,0.14,0.25,0.11
2026-06-18 21:28,GH,Gana,0.14,,
2026-06-18 21:28,PAN,Panama,0.09,,
2026-06-18 21:28,HTI,Haiti,0.09,0.125,0.04
2026-06-18 21:28,CUW,Curacao,0.09,,
2026-06-18 21:28,QAT,Catar,0.09,,
2026-06-18 21:28,RSA,Africa do Sul,0.09,,
2026-06-18 21:28,CPV,Cabo Verde,0.09,,
2026-06-18 21:28,JOR,Jordania,0.09,,
2026-06-18 21:28,UZB,Uzbequistao,0.09,,
2026-06-18 21:28,NZL,Nova Zelandia,0.09,,
2026-06-18 21:28,TN,Tunisia,0.09,,
2026-06-18 21:28,SA,Arabia Saudita,0.09,0.25,0.16
2026-06-18 21:28,PY,Paraguai,0.09,,
2026-06-19 08:00,FR,Franca,17.28,20.25,2.97
2026-06-19 08:00,ES,Espanha,12.44,16.875,4.44
2026-06-19 08:00,GB,Inglaterra,11.97,12.5,0.53
2026-06-19 08:00,AR,Argentina,10.11,10.5,0.39
2026-06-19 08:00,PT,Portugal,7.5,10.5,3.0
2026-06-19 08:00,BR,Brasil,6.29,11.75,5.46
2026-06-19 08:00,DE,Alemanha,5.64,7.625,1.99
2026-06-19 08:00,NL,Holanda,3.96,4.0,0.04
2026-06-19 08:00,US,EUA,3.49,2.375,-1.12
2026-06-19 08:00,NO,Noruega,2.38,3.0,0.62
2026-06-19 08:00,MA,Marrocos,1.82,3.25,1.43
2026-06-19 08:00,CO,Colombia,1.72,1.5,-0.22
2026-06-19 08:00,BE,Belgica,1.54,3.0,1.46
2026-06-19 08:00,MX,Mexico,1.49,0.875,-0.61
2026-06-19 08:00,JP,Japao,1.44,1.25,-0.19
2026-06-19 08:00,IRQ,Iraque,0.93,,
2026-06-19 08:00,COD,RD Congo,0.93,,
2026-06-19 08:00,BIH,Bosnia,0.93,,
2026-06-19 08:00,CZE,Tchequia,0.93,,
2026-06-19 08:00,CH,Suica,0.88,0.75,-0.13
2026-06-19 08:00,HR,Croacia,0.61,0.725,0.11
2026-06-19 08:00,EC,Equador,0.51,0.75,0.24
2026-06-19 08:00,UY,Uruguai,0.51,2.25,1.74
2026-06-19 08:00,CIV,Costa do Marfim,0.42,1.0,0.58
2026-06-19 08:00,SN,Senegal,0.42,,
2026-06-19 08:00,SE,Suecia,0.42,,
2026-06-19 08:00,TR,Turquia,0.33,0.5,0.17
2026-06-19 08:00,KR,Coreia do Sul,0.33,1.25,0.92
2026-06-19 08:00,AU,Australia,0.33,,
2026-06-19 08:00,CA,Canada,0.33,,
2026-06-19 08:00,AT,Austria,0.33,,
2026-06-19 08:00,EGY,Egito,0.23,0.25,0.02
2026-06-19 08:00,SC,Escocia,0.14,0.25,0.11
2026-06-19 08:00,GH,Gana,0.14,,
2026-06-19 08:00,PAN,Panama,0.09,,
2026-06-19 08:00,HTI,Haiti,0.09,0.125,0.04
2026-06-19 08:00,CUW,Curacao,0.09,,
2026-06-19 08:00,QAT,Catar,0.09,,
2026-06-19 08:00,RSA,Africa do Sul,0.09,,
2026-06-19 08:00,CPV,Cabo Verde,0.09,,
2026-06-19 08:00,DZA,Argelia,0.09,,
2026-06-19 08:00,JOR,Jordania,0.09,,
2026-06-19 08:00,UZB,Uzbequistao,0.09,,
2026-06-19 08:00,NZL,Nova Zelandia,0.09,,
2026-06-19 08:00,TN,Tunisia,0.09,,
2026-06-19 08:00,SA,Arabia Saudita,0.09,0.25,0.16
2026-06-19 08:00,IR,Ira,0.09,,
2026-06-19 08:00,PY,Paraguai,0.09,,
2026-06-19 14:19,FR,Franca,17.51,20.25,2.74
2026-06-19 14:19,ES,Espanha,12.46,16.875,4.41
2026-06-19 14:19,GB,Inglaterra,12.0,12.5,0.5
2026-06-19 14:19,AR,Argentina,10.13,10.5,0.37
2026-06-19 14:19,PT,Portugal,7.05,10.5,3.45
2026-06-19 14:19,BR,Brasil,6.3,11.75,5.45
2026-06-19 14:19,DE,Alemanha,5.65,7.625,1.97
2026-06-19 14:19,NL,Holanda,3.87,4.0,0.13
2026-06-19 14:19,US,EUA,3.5,2.375,-1.12
2026-06-19 14:19,NO,Noruega,2.47,3.0,0.53
2026-06-19 14:19,MA,Marrocos,1.82,3.25,1.43
2026-06-19 14:19,CO,Colombia,1.73,1.5,-0.23
2026-06-19 14:19,MX,Mexico,1.63,0.875,-0.75
2026-06-19 14:19,BE,Belgica,1.54,3.0,1.46
2026-06-19 14:19,JP,Japao,1.45,1.25,-0.2
2026-06-19 14:19,IRQ,Iraque,0.93,,
2026-06-19 14:19,COD,RD Congo,0.93,,
2026-06-19 14:19,BIH,Bosnia,0.93,,
2026-06-19 14:19,CZE,Tchequia,0.93,,
2026-06-19 14:19,CH,Suica,0.89,0.75,-0.14
2026-06-19 14:19,HR,Croacia,0.61,0.725,0.11
2026-06-19 14:19,EC,Equador,0.51,0.75,0.24
2026-06-19 14:19,UY,Uruguai,0.51,2.25,1.74
2026-06-19 14:19,CIV,Costa do Marfim,0.42,1.0,0.58
2026-06-19 14:19,SN,Senegal,0.42,,
2026-06-19 14:19,SE,Suecia,0.42,,
2026-06-19 14:19,KR,Coreia do Sul,0.33,1.25,0.92
2026-06-19 14:19,AU,Australia,0.33,,
2026-06-19 14:19,CA,Canada,0.33,,
2026-06-19 14:19,AT,Austria,0.33,,
2026-06-19 14:19,EGY,Egito,0.23,0.25,0.02
2026-06-19 14:19,TR,Turquia,0.23,0.5,0.27
2026-06-19 14:19,SC,Escocia,0.14,0.25,0.11
2026-06-19 14:19,GH,Gana,0.14,,
2026-06-19 14:19,PAN,Panama,0.09,,
2026-06-19 14:19,HTI,Haiti,0.09,0.125,0.04
2026-06-19 14:19,CUW,Curacao,0.09,,
2026-06-19 14:19,QAT,Catar,0.09,,
2026-06-19 14:19,RSA,Africa do Sul,0.09,,
2026-06-19 14:19,CPV,Cabo Verde,0.09,,
2026-06-19 14:19,DZA,Argelia,0.09,,
2026-06-19 14:19,JOR,Jordania,0.09,,
2026-06-19 14:19,UZB,Uzbequistao,0.09,,
2026-06-19 14:19,NZL,Nova Zelandia,0.09,,
2026-06-19 14:19,TN,Tunisia,0.09,,
2026-06-19 14:19,SA,Arabia Saudita,0.09,0.25,0.16
2026-06-19 14:19,IR,Ira,0.09,,
2026-06-19 14:19,PY,Paraguai,0.09,,
2026-06-19 16:44,FR,Franca,17.32,20.25,2.93
2026-06-19 16:44,ES,Espanha,12.3,16.875,4.57
2026-06-19 16:44,GB,Inglaterra,11.84,12.5,0.66
2026-06-19 16:44,AR,Argentina,10.04,10.5,0.46
2026-06-19 16:44,PT,Portugal,6.86,10.5,3.64
2026-06-19 16:44,BR,Brasil,6.22,11.75,5.53
2026-06-19 16:44,DE,Alemanha,5.57,7.625,2.05
2026-06-19 16:44,US,EUA,4.56,2.375,-2.18
2026-06-19 16:44,NL,Holanda,3.82,4.0,0.18
2026-06-19 16:44,NO,Noruega,2.35,3.0,0.65
2026-06-19 16:44,MA,Marrocos,1.98,3.25,1.27
2026-06-19 16:44,MX,Mexico,1.89,0.875,-1.01
2026-06-19 16:44,CO,Colombia,1.7,1.5,-0.2
2026-06-19 16:44,BE,Belgica,1.52,3.0,1.48
2026-06-19 16:44,JP,Japao,1.43,1.25,-0.18
2026-06-19 16:44,IRQ,Iraque,0.92,,
2026-06-19 16:44,COD,RD Congo,0.92,,
2026-06-19 16:44,BIH,Bosnia,0.92,,
2026-06-19 16:44,CZE,Tchequia,0.92,,
2026-06-19 16:44,CH,Suica,0.88,0.75,-0.13
2026-06-19 16:44,HR,Croacia,0.6,0.725,0.12
2026-06-19 16:44,UY,Uruguai,0.51,2.25,1.74
2026-06-19 16:44,CIV,Costa do Marfim,0.41,1.0,0.59
2026-06-19 16:44,SN,Senegal,0.41,,
2026-06-19 16:44,SE,Suecia,0.41,,
2026-06-19 16:44,EC,Equador,0.41,0.75,0.34
2026-06-19 16:44,CA,Canada,0.41,,
2026-06-19 16:44,TR,Turquia,0.32,0.5,0.18
2026-06-19 16:44,KR,Coreia do Sul,0.32,1.25,0.93
2026-06-19 16:44,AT,Austria,0.32,,
2026-06-19 16:44,EGY,Egito,0.23,0.25,0.02
2026-06-19 16:44,SC,Escocia,0.14,0.25,0.11
2026-06-19 16:44,AU,Australia,0.14,,
2026-06-19 16:44,PAN,Panama,0.09,,
2026-06-19 16:44,HTI,Haiti,0.09,0.125,0.04
2026-06-19 16:44,CUW,Curacao,0.09,,
2026-06-19 16:44,QAT,Catar,0.09,,
2026-06-19 16:44,RSA,Africa do Sul,0.09,,
2026-06-19 16:44,CPV,Cabo Verde,0.09,,
2026-06-19 16:44,DZA,Argelia,0.09,,
2026-06-19 16:44,JOR,Jordania,0.09,,
2026-06-19 16:44,UZB,Uzbequistao,0.09,,
2026-06-19 16:44,NZL,Nova Zelandia,0.09,,
2026-06-19 16:44,TN,Tunisia,0.09,,
2026-06-19 16:44,SA,Arabia Saudita,0.09,0.25,0.16
2026-06-19 16:44,IR,Ira,0.09,,
2026-06-19 16:44,PY,Paraguai,0.09,,
2026-06-19 16:44,GH,Gana,0.09,,
2026-06-20 08:00,FR,Franca,17.97,20.25,2.28
2026-06-20 08:00,ES,Espanha,12.12,16.875,4.76
2026-06-20 08:00,GB,Inglaterra,11.94,12.5,0.56
2026-06-20 08:00,AR,Argentina,9.99,10.5,0.51
2026-06-20 08:00,BR,Brasil,6.36,11.75,5.39
2026-06-20 08:00,PT,Portugal,6.18,10.5,4.32
2026-06-20 08:00,DE,Alemanha,5.53,7.625,2.09
2026-06-20 08:00,US,EUA,4.97,2.375,-2.59
2026-06-20 08:00,NL,Holanda,3.86,4.0,0.14
2026-06-20 08:00,NO,Noruega,2.46,3.0,0.54
2026-06-20 08:00,MA,Marrocos,2.46,3.25,0.79
2026-06-20 08:00,MX,Mexico,1.76,0.875,-0.89
2026-06-20 08:00,CO,Colombia,1.63,1.5,-0.13
2026-06-20 08:00,BE,Belgica,1.44,3.0,1.56
2026-06-20 08:00,JP,Japao,1.25,1.25,0.0
2026-06-20 08:00,IRQ,Iraque,0.93,,
2026-06-20 08:00,COD,RD Congo,0.93,,
2026-06-20 08:00,BIH,Bosnia,0.93,,
2026-06-20 08:00,CZE,Tchequia,0.93,,
2026-06-20 08:00,CH,Suica,0.79,0.75,-0.04
2026-06-20 08:00,HR,Croacia,0.51,0.725,0.21
2026-06-20 08:00,CIV,Costa do Marfim,0.42,1.0,0.58
2026-06-20 08:00,SN,Senegal,0.42,,
2026-06-20 08:00,CA,Canada,0.42,,
2026-06-20 08:00,UY,Uruguai,0.42,2.25,1.83
2026-06-20 08:00,KR,Coreia do Sul,0.33,1.25,0.92
2026-06-20 08:00,SE,Suecia,0.33,,
2026-06-20 08:00,EC,Equador,0.33,0.75,0.42
2026-06-20 08:00,AT,Austria,0.33,,
2026-06-20 08:00,EGY,Egito,0.23,0.25,0.02
2026-06-20 08:00,SC,Escocia,0.14,0.25,0.11
2026-06-20 08:00,PY,Paraguai,0.14,,
2026-06-20 08:00,GH,Gana,0.14,,
2026-06-20 08:00,AU,Australia,0.14,,
2026-06-20 08:00,PAN,Panama,0.09,,
2026-06-20 08:00,HTI,Haiti,0.09,0.125,0.04
2026-06-20 08:00,CUW,Curacao,0.09,,
2026-06-20 08:00,QAT,Catar,0.09,,
2026-06-20 08:00,RSA,Africa do Sul,0.09,,
2026-06-20 08:00,CPV,Cabo Verde,0.09,,
2026-06-20 08:00,DZA,Argelia,0.09,,
2026-06-20 08:00,JOR,Jordania,0.09,,
2026-06-20 08:00,UZB,Uzbequistao,0.09,,
2026-06-20 08:00,NZL,Nova Zelandia,0.09,,
2026-06-20 08:00,TN,Tunisia,0.09,,
2026-06-20 08:00,SA,Arabia Saudita,0.09,0.25,0.16
2026-06-20 08:00,IR,Ira,0.09,,
2026-06-20 08:00,TR,Turquia,0.09,0.5,0.41
2026-06-20 19:57,FR,Franca,17.79,20.25,2.46
2026-06-20 19:57,ES,Espanha,12.12,16.875,4.76
2026-06-20 19:57,GB,Inglaterra,11.94,12.5,0.56
2026-06-20 19:57,AR,Argentina,9.99,10.5,0.51
2026-06-20 19:57,BR,Brasil,6.36,11.75,5.39
2026-06-20 19:57,PT,Portugal,6.22,10.5,4.28
2026-06-20 19:57,DE,Alemanha,5.53,7.625,2.09
2026-06-20 19:57,US,EUA,5.16,2.375,-2.79
2026-06-20 19:57,NL,Holanda,3.86,4.0,0.14
2026-06-20 19:57,NO,Noruega,2.46,3.0,0.54
2026-06-20 19:57,MA,Marrocos,2.46,3.25,0.79
2026-06-20 19:57,MX,Mexico,1.72,0.875,-0.84
2026-06-20 19:57,CO,Colombia,1.63,1.5,-0.13
2026-06-20 19:57,BE,Belgica,1.44,3.0,1.56
2026-06-20 19:57,JP,Japao,1.25,1.25,0.0
2026-06-20 19:57,IRQ,Iraque,0.93,,
2026-06-20 19:57,COD,RD Congo,0.93,,
2026-06-20 19:57,BIH,Bosnia,0.93,,
2026-06-20 19:57,CZE,Tchequia,0.93,,
2026-06-20 19:57,CH,Suica,0.79,0.75,-0.04
2026-06-20 19:57,HR,Croacia,0.51,0.725,0.21
2026-06-20 19:57,CIV,Costa do Marfim,0.42,1.0,0.58
2026-06-20 19:57,SN,Senegal,0.42,,
2026-06-20 19:57,CA,Canada,0.42,,
2026-06-20 19:57,UY,Uruguai,0.42,2.25,1.83
2026-06-20 19:57,KR,Coreia do Sul,0.33,1.25,0.92
2026-06-20 19:57,SE,Suecia,0.33,,
2026-06-20 19:57,EC,Equador,0.33,0.75,0.42
2026-06-20 19:57,AT,Austria,0.33,,
2026-06-20 19:57,EGY,Egito,0.23,0.25,0.02
2026-06-20 19:57,SC,Escocia,0.14,0.25,0.11
2026-06-20 19:57,PY,Paraguai,0.14,,
2026-06-20 19:57,GH,Gana,0.14,,
2026-06-20 19:57,AU,Australia,0.14,,
2026-06-20 19:57,PAN,Panama,0.09,,
2026-06-20 19:57,HTI,Haiti,0.09,0.125,0.04
2026-06-20 19:57,CUW,Curacao,0.09,,
2026-06-20 19:57,QAT,Catar,0.09,,
2026-06-20 19:57,RSA,Africa do Sul,0.09,,
2026-06-20 19:57,CPV,Cabo Verde,0.09,,
2026-06-20 19:57,DZA,Argelia,0.09,,
2026-06-20 19:57,JOR,Jordania,0.09,,
2026-06-20 19:57,UZB,Uzbequistao,0.09,,
2026-06-20 19:57,NZL,Nova Zelandia,0.09,,
2026-06-20 19:57,TN,Tunisia,0.09,,
2026-06-20 19:57,SA,Arabia Saudita,0.09,0.25,0.16
2026-06-20 19:57,IR,Ira,0.09,,
2026-06-20 19:57,TR,Turquia,0.09,0.5,0.41
2026-06-20 20:00,FR,Franca,17.79,20.25,2.46
2026-06-20 20:00,ES,Espanha,12.12,16.875,4.76
2026-06-20 20:00,GB,Inglaterra,11.94,12.5,0.56
2026-06-20 20:00,AR,Argentina,9.99,10.5,0.51
2026-06-20 20:00,BR,Brasil,6.36,11.75,5.39
2026-06-20 20:00,PT,Portugal,6.22,10.5,4.28
2026-06-20 20:00,DE,Alemanha,5.53,7.625,2.09
2026-06-20 20:00,US,EUA,5.16,2.375,-2.79
2026-06-20 20:00,NL,Holanda,3.86,4.0,0.14
2026-06-20 20:00,NO,Noruega,2.46,3.0,0.54
2026-06-20 20:00,MA,Marrocos,2.46,3.25,0.79
2026-06-20 20:00,MX,Mexico,1.72,0.875,-0.84
2026-06-20 20:00,CO,Colombia,1.63,1.5,-0.13
2026-06-20 20:00,BE,Belgica,1.44,3.0,1.56
2026-06-20 20:00,JP,Japao,1.25,1.25,0.0
2026-06-20 20:00,IRQ,Iraque,0.93,,
2026-06-20 20:00,COD,RD Congo,0.93,,
2026-06-20 20:00,BIH,Bosnia,0.93,,
2026-06-20 20:00,CZE,Tchequia,0.93,,
2026-06-20 20:00,CH,Suica,0.79,0.75,-0.04
2026-06-20 20:00,HR,Croacia,0.51,0.725,0.21
2026-06-20 20:00,CIV,Costa do Marfim,0.42,1.0,0.58
2026-06-20 20:00,SN,Senegal,0.42,,
2026-06-20 20:00,CA,Canada,0.42,,
2026-06-20 20:00,UY,Uruguai,0.42,2.25,1.83
2026-06-20 20:00,KR,Coreia do Sul,0.33,1.25,0.92
2026-06-20 20:00,SE,Suecia,0.33,,
2026-06-20 20:00,EC,Equador,0.33,0.75,0.42
2026-06-20 20:00,AT,Austria,0.33,,
2026-06-20 20:00,EGY,Egito,0.23,0.25,0.02
2026-06-20 20:00,SC,Escocia,0.14,0.25,0.11
2026-06-20 20:00,PY,Paraguai,0.14,,
2026-06-20 20:00,GH,Gana,0.14,,
2026-06-20 20:00,AU,Australia,0.14,,
2026-06-20 20:00,PAN,Panama,0.09,,
2026-06-20 20:00,HTI,Haiti,0.09,0.125,0.04
2026-06-20 20:00,CUW,Curacao,0.09,,
2026-06-20 20:00,QAT,Catar,0.09,,
2026-06-20 20:00,RSA,Africa do Sul,0.09,,
2026-06-20 20:00,CPV,Cabo Verde,0.09,,
2026-06-20 20:00,DZA,Argelia,0.09,,
2026-06-20 20:00,JOR,Jordania,0.09,,
2026-06-20 20:00,UZB,Uzbequistao,0.09,,
2026-06-20 20:00,NZL,Nova Zelandia,0.09,,
2026-06-20 20:00,TN,Tunisia,0.09,,
2026-06-20 20:00,SA,Arabia Saudita,0.09,0.25,0.16
2026-06-20 20:00,IR,Ira,0.09,,
2026-06-20 20:00,TR,Turquia,0.09,0.5,0.41
2026-06-20 20:02,FR,Franca,17.65,20.25,2.6
2026-06-20 20:02,GB,Inglaterra,11.9,12.5,0.6
2026-06-20 20:02,ES,Espanha,11.3,16.875,5.57
2026-06-20 20:02,AR,Argentina,9.96,10.5,0.54
2026-06-20 20:02,PT,Portugal,6.76,10.5,3.74
2026-06-20 20:02,NL,Holanda,6.44,4.0,-2.44
2026-06-20 20:02,BR,Brasil,5.7,11.75,6.05
2026-06-20 20:02,DE,Alemanha,5.56,7.625,2.07
2026-06-20 20:02,US,EUA,4.31,2.375,-1.93
2026-06-20 20:02,NO,Noruega,2.32,3.0,0.68
2026-06-20 20:02,MA,Marrocos,2.08,3.25,1.17
2026-06-20 20:02,MX,Mexico,1.71,0.875,-0.83
2026-06-20 20:02,CO,Colombia,1.71,1.5,-0.21
2026-06-20 20:02,BE,Belgica,1.44,3.0,1.56
2026-06-20 20:02,JP,Japao,1.25,1.25,0.0
2026-06-20 20:02,IRQ,Iraque,0.93,,
2026-06-20 20:02,COD,RD Congo,0.93,,
2026-06-20 20:02,BIH,Bosnia,0.93,,
2026-06-20 20:02,CZE,Tchequia,0.93,,
2026-06-20 20:02,CH,Suica,0.79,0.75,-0.04
2026-06-20 20:02,UY,Uruguai,0.51,2.25,1.74
2026-06-20 20:02,SN,Senegal,0.42,,
2026-06-20 20:02,EC,Equador,0.42,0.75,0.33
2026-06-20 20:02,CA,Canada,0.42,,
2026-06-20 20:02,HR,Croacia,0.42,0.725,0.3
2026-06-20 20:02,CIV,Costa do Marfim,0.32,1.0,0.68
2026-06-20 20:02,KR,Coreia do Sul,0.32,1.25,0.93
2026-06-20 20:02,AT,Austria,0.32,,
2026-06-20 20:02,EGY,Egito,0.23,0.25,0.02
2026-06-20 20:02,SE,Suecia,0.23,,
2026-06-20 20:02,PY,Paraguai,0.14,,
2026-06-20 20:02,GH,Gana,0.14,,
2026-06-20 20:02,AU,Australia,0.14,,
2026-06-20 20:02,PAN,Panama,0.09,,
2026-06-20 20:02,HTI,Haiti,0.09,0.125,0.04
2026-06-20 20:02,CUW,Curacao,0.09,,
2026-06-20 20:02,QAT,Catar,0.09,,
2026-06-20 20:02,RSA,Africa do Sul,0.09,,
2026-06-20 20:02,CPV,Cabo Verde,0.09,,
2026-06-20 20:02,DZA,Argelia,0.09,,
2026-06-20 20:02,JOR,Jordania,0.09,,
2026-06-20 20:02,UZB,Uzbequistao,0.09,,
2026-06-20 20:02,NZL,Nova Zelandia,0.09,,
2026-06-20 20:02,TN,Tunisia,0.09,,
2026-06-20 20:02,SA,Arabia Saudita,0.09,0.25,0.16
2026-06-20 20:02,IR,Ira,0.09,,
2026-06-20 20:02,TR,Turquia,0.09,0.5,0.41
2026-06-20 20:02,SC,Escocia,0.09,0.25,0.16
2026-06-24 18:10,IRQ,Iraque,1.0,,
2026-06-24 18:10,COD,RD Congo,1.0,,
2026-06-24 18:10,BIH,Bosnia,1.0,,
2026-06-24 18:10,CZE,Tchequia,1.0,,
2026-06-24 18:10,PAN,Panama,0.1,,
2026-06-24 18:10,HTI,Haiti,0.1,,
2026-06-24 18:10,CUW,Curacao,0.1,,
2026-06-24 18:10,CIV,Costa do Marfim,0.35,,
2026-06-24 18:10,QAT,Catar,0.1,,
2026-06-24 18:10,RSA,Africa do Sul,0.1,,
2026-06-24 18:10,CPV,Cabo Verde,0.1,,
2026-06-24 18:10,DZA,Argelia,0.1,,
2026-06-24 18:10,EGY,Egito,0.25,,
2026-06-24 18:10,JOR,Jordania,0.1,,
2026-06-24 18:10,UZB,Uzbequistao,0.1,,
2026-06-24 18:10,NZL,Nova Zelandia,0.1,,
2026-06-24 18:10,TN,Tunisia,0.1,,
2026-06-24 18:10,SA,Arabia Saudita,0.1,,
2026-06-24 18:10,IR,Ira,0.1,,
2026-06-24 18:10,TR,Turquia,0.1,,
2026-06-24 18:10,SC,Escocia,0.15,,
2026-06-24 18:10,PY,Paraguai,0.1,,
2026-06-24 18:10,KR,Coreia do Sul,0.25,,
2026-06-24 18:10,GH,Gana,0.15,,
2026-06-24 18:10,AU,Australia,0.15,,
2026-06-24 18:10,SN,Senegal,0.25,,
2026-06-24 18:10,SE,Suecia,0.15,,
2026-06-24 18:10,NO,Noruega,2.75,,
2026-06-24 18:10,MX,Mexico,2.0,,
2026-06-24 18:10,MA,Marrocos,1.95,,
2026-06-24 18:10,JP,Japao,1.85,,
2026-06-24 18:10,EC,Equador,0.15,,
2026-06-24 18:10,CO,Colombia,1.85,,
2026-06-24 18:10,CH,Suica,0.55,,
2026-06-24 18:10,CA,Canada,0.25,,
2026-06-24 18:10,AT,Austria,0.15,,
2026-06-24 18:10,UY,Uruguai,0.15,,
2026-06-24 18:10,US,EUA,4.7,,
2026-06-24 18:10,PT,Portugal,8.75,,
2026-06-24 18:10,NL,Holanda,6.35,,
2026-06-24 18:10,HR,Croacia,0.45,,
2026-06-24 18:10,GB,Inglaterra,10.55,,
2026-06-24 18:10,DE,Alemanha,5.3,,
2026-06-24 18:10,BR,Brasil,4.95,,
2026-06-24 18:10,BE,Belgica,1.15,,
2026-06-24 18:10,AR,Argentina,14.6,,
2026-06-24 18:10,FR,Franca,20.25,,
2026-06-24 18:10,ES,Espanha,13.35,,
2026-06-24 18:45,IRQ,Iraque,1.0,,
2026-06-24 18:45,COD,RD Congo,1.0,,
2026-06-24 18:45,BIH,Bosnia,1.0,,
2026-06-24 18:45,CZE,Tchequia,1.0,,
2026-06-24 18:45,PAN,Panama,0.1,,
2026-06-24 18:45,HTI,Haiti,0.1,,
2026-06-24 18:45,CUW,Curacao,0.1,,
2026-06-24 18:45,CIV,Costa do Marfim,0.35,,
2026-06-24 18:45,QAT,Catar,0.1,,
2026-06-24 18:45,RSA,Africa do Sul,0.1,,
2026-06-24 18:45,CPV,Cabo Verde,0.1,,
2026-06-24 18:45,DZA,Argelia,0.1,,
2026-06-24 18:45,EGY,Egito,0.25,,
2026-06-24 18:45,JOR,Jordania,0.1,,
2026-06-24 18:45,UZB,Uzbequistao,0.1,,
2026-06-24 18:45,NZL,Nova Zelandia,0.1,,
2026-06-24 18:45,TN,Tunisia,0.1,,
2026-06-24 18:45,SA,Arabia Saudita,0.1,,
2026-06-24 18:45,IR,Ira,0.1,,
2026-06-24 18:45,TR,Turquia,0.1,,
2026-06-24 18:45,SC,Escocia,0.15,,
2026-06-24 18:45,PY,Paraguai,0.1,,
2026-06-24 18:45,KR,Coreia do Sul,0.25,,
2026-06-24 18:45,GH,Gana,0.15,,
2026-06-24 18:45,AU,Australia,0.15,,
2026-06-24 18:45,SN,Senegal,0.25,,
2026-06-24 18:45,SE,Suecia,0.15,,
2026-06-24 18:45,NO,Noruega,2.75,,
2026-06-24 18:45,MX,Mexico,2.0,,
2026-06-24 18:45,MA,Marrocos,1.95,,
2026-06-24 18:45,JP,Japao,1.85,,
2026-06-24 18:45,EC,Equador,0.15,,
2026-06-24 18:45,CO,Colombia,1.85,,
2026-06-24 18:45,CH,Suica,0.55,,
2026-06-24 18:45,CA,Canada,0.25,,
2026-06-24 18:45,AT,Austria,0.15,,
2026-06-24 18:45,UY,Uruguai,0.15,,
2026-06-24 18:45,US,EUA,4.75,,
2026-06-24 18:45,PT,Portugal,8.7,,
2026-06-24 18:45,NL,Holanda,6.35,,
2026-06-24 18:45,HR,Croacia,0.45,,
2026-06-24 18:45,GB,Inglaterra,10.5,,
2026-06-24 18:45,DE,Alemanha,5.3,,
2026-06-24 18:45,BR,Brasil,4.95,,
2026-06-24 18:45,BE,Belgica,1.15,,
2026-06-24 18:45,AR,Argentina,14.85,,
2026-06-24 18:45,FR,Franca,20.25,,
2026-06-24 18:45,ES,Espanha,13.35,,
2026-06-24 19:36,IRQ,Iraque,1.0,,
2026-06-24 19:36,COD,RD Congo,1.0,,
2026-06-24 19:36,BIH,Bosnia,1.0,,
2026-06-24 19:36,CZE,Tchequia,1.0,,
2026-06-24 19:36,PAN,Panama,0.1,,
2026-06-24 19:36,HTI,Haiti,0.1,,
2026-06-24 19:36,CUW,Curacao,0.1,,
2026-06-24 19:36,CIV,Costa do Marfim,0.35,,
2026-06-24 19:36,QAT,Catar,0.1,,
2026-06-24 19:36,RSA,Africa do Sul,0.1,,
2026-06-24 19:36,CPV,Cabo Verde,0.1,,
2026-06-24 19:36,DZA,Argelia,0.1,,
2026-06-24 19:36,EGY,Egito,0.25,,
2026-06-24 19:36,JOR,Jordania,0.1,,
2026-06-24 19:36,UZB,Uzbequistao,0.1,,
2026-06-24 19:36,NZL,Nova Zelandia,0.1,,
2026-06-24 19:36,TN,Tunisia,0.1,,
2026-06-24 19:36,SA,Arabia Saudita,0.1,,
2026-06-24 19:36,IR,Ira,0.1,,
2026-06-24 19:36,TR,Turquia,0.1,,
2026-06-24 19:36,SC,Escocia,0.1,,
2026-06-24 19:36,PY,Paraguai,0.1,,
2026-06-24 19:36,KR,Coreia do Sul,0.25,,
2026-06-24 19:36,GH,Gana,0.15,,
2026-06-24 19:36,AU,Australia,0.15,,
2026-06-24 19:36,SN,Senegal,0.25,,
2026-06-24 19:36,SE,Suecia,0.15,,
2026-06-24 19:36,NO,Noruega,2.6,,
2026-06-24 19:36,MX,Mexico,1.95,,
2026-06-24 19:36,MA,Marrocos,1.95,,
2026-06-24 19:36,JP,Japao,1.85,,
2026-06-24 19:36,EC,Equador,0.15,,
2026-06-24 19:36,CO,Colombia,1.85,,
2026-06-24 19:36,CH,Suica,0.55,,
2026-06-24 19:36,CA,Canada,0.25,,
2026-06-24 19:36,AT,Austria,0.15,,
2026-06-24 19:36,UY,Uruguai,0.15,,
2026-06-24 19:36,US,EUA,4.9,,
2026-06-24 19:36,PT,Portugal,8.65,,
2026-06-24 19:36,NL,Holanda,6.3,,
2026-06-24 19:36,HR,Croacia,0.45,,
2026-06-24 19:36,GB,Inglaterra,10.35,,
2026-06-24 19:36,DE,Alemanha,5.3,,
2026-06-24 19:36,BR,Brasil,4.95,,
2026-06-24 19:36,BE,Belgica,1.1,,
2026-06-24 19:36,AR,Argentina,14.85,,
2026-06-24 19:36,FR,Franca,20.0,,
2026-06-24 19:36,ES,Espanha,13.35,,
2026-06-24 20:39,IRQ,Iraque,1.0,,
2026-06-24 20:39,COD,RD Congo,1.0,,
2026-06-24 20:39,BIH,Bosnia,1.0,,
2026-06-24 20:39,CZE,Tchequia,1.0,,
2026-06-24 20:39,PAN,Panama,0.1,,
2026-06-24 20:39,HTI,Haiti,0.1,,
2026-06-24 20:39,CUW,Curacao,0.1,,
2026-06-24 20:39,CIV,Costa do Marfim,0.35,,
2026-06-24 20:39,QAT,Catar,0.1,,
2026-06-24 20:39,RSA,Africa do Sul,0.1,,
2026-06-24 20:39,CPV,Cabo Verde,0.15,,
2026-06-24 20:39,DZA,Argelia,0.1,,
2026-06-24 20:39,EGY,Egito,0.25,,
2026-06-24 20:39,JOR,Jordania,0.1,,
2026-06-24 20:39,UZB,Uzbequistao,0.1,,
2026-06-24 20:39,NZL,Nova Zelandia,0.1,,
2026-06-24 20:39,TN,Tunisia,0.1,,
2026-06-24 20:39,SA,Arabia Saudita,0.1,,
2026-06-24 20:39,IR,Ira,0.1,,
2026-06-24 20:39,TR,Turquia,0.1,,
2026-06-24 20:39,SC,Escocia,0.1,,
2026-06-24 20:39,PY,Paraguai,0.1,,
2026-06-24 20:39,KR,Coreia do Sul,0.25,,
2026-06-24 20:39,GH,Gana,0.15,,
2026-06-24 20:39,AU,Australia,0.15,,
2026-06-24 20:39,SN,Senegal,0.25,,
2026-06-24 20:39,SE,Suecia,0.15,,
2026-06-24 20:39,NO,Noruega,2.65,,
2026-06-24 20:39,MX,Mexico,2.05,,
2026-06-24 20:39,MA,Marrocos,1.95,,
2026-06-24 20:39,JP,Japao,1.85,,
2026-06-24 20:39,EC,Equador,0.15,,
2026-06-24 20:39,CO,Colombia,1.85,,
2026-06-24 20:39,CH,Suica,0.85,,
2026-06-24 20:39,CA,Canada,0.25,,
2026-06-24 20:39,AT,Austria,0.15,,
2026-06-24 20:39,UY,Uruguai,0.15,,
2026-06-24 20:39,US,EUA,4.75,,
2026-06-24 20:39,PT,Portugal,8.6,,
2026-06-24 20:39,NL,Holanda,6.35,,
2026-06-24 20:39,HR,Croacia,0.45,,
2026-06-24 20:39,GB,Inglaterra,10.4,,
2026-06-24 20:39,DE,Alemanha,5.2,,
2026-06-24 20:39,BR,Brasil,4.95,,
2026-06-24 20:39,BE,Belgica,1.1,,
2026-06-24 20:39,AR,Argentina,14.65,,
2026-06-24 20:39,FR,Franca,19.7,,
2026-06-24 20:39,ES,Espanha,13.35,,
2026-06-24 21:34,IRQ,Iraque,1.0,,
2026-06-24 21:34,COD,RD Congo,1.0,,
2026-06-24 21:34,BIH,Bosnia,1.0,,
2026-06-24 21:34,CZE,Tchequia,1.0,,
2026-06-24 21:34,PAN,Panama,0.1,,
2026-06-24 21:34,HTI,Haiti,0.1,,
2026-06-24 21:34,CUW,Curacao,0.1,,
2026-06-24 21:34,CIV,Costa do Marfim,0.35,,
2026-06-24 21:34,QAT,Catar,0.1,,
2026-06-24 21:34,RSA,Africa do Sul,0.1,,
2026-06-24 21:34,CPV,Cabo Verde,0.15,,
2026-06-24 21:34,DZA,Argelia,0.1,,
2026-06-24 21:34,EGY,Egito,0.25,,
2026-06-24 21:34,JOR,Jordania,0.1,,
2026-06-24 21:34,UZB,Uzbequistao,0.1,,
2026-06-24 21:34,NZL,Nova Zelandia,0.1,,
2026-06-24 21:34,TN,Tunisia,0.1,,
2026-06-24 21:34,SA,Arabia Saudita,0.1,,
2026-06-24 21:34,IR,Ira,0.1,,
2026-06-24 21:34,TR,Turquia,0.1,,
2026-06-24 21:34,SC,Escocia,0.1,,
2026-06-24 21:34,PY,Paraguai,0.1,,
2026-06-24 21:34,KR,Coreia do Sul,0.25,,
2026-06-24 21:34,GH,Gana,0.15,,
2026-06-24 21:34,AU,Australia,0.15,,
2026-06-24 21:34,SN,Senegal,0.25,,
2026-06-24 21:34,SE,Suecia,0.15,,
2026-06-24 21:34,NO,Noruega,2.7,,
2026-06-24 21:34,MX,Mexico,1.9,,
2026-06-24 21:34,MA,Marrocos,1.95,,
2026-06-24 21:34,JP,Japao,1.85,,
2026-06-24 21:34,EC,Equador,0.15,,
2026-06-24 21:34,CO,Colombia,1.85,,
2026-06-24 21:34,CH,Suica,0.9,,
2026-06-24 21:34,CA,Canada,0.25,,
2026-06-24 21:34,AT,Austria,0.15,,
2026-06-24 21:34,UY,Uruguai,0.15,,
2026-06-24 21:34,US,EUA,4.7,,
2026-06-24 21:34,PT,Portugal,8.6,,
2026-06-24 21:34,NL,Holanda,6.5,,
2026-06-24 21:34,HR,Croacia,0.45,,
2026-06-24 21:34,GB,Inglaterra,10.3,,
2026-06-24 21:34,DE,Alemanha,5.35,,
2026-06-24 21:34,BR,Brasil,4.95,,
2026-06-24 21:34,BE,Belgica,1.05,,
2026-06-24 21:34,AR,Argentina,14.75,,
2026-06-24 21:34,FR,Franca,20.2,,
2026-06-24 21:34,ES,Espanha,13.35,,
2026-06-24 22:32,IRQ,Iraque,1.0,,
2026-06-24 22:32,COD,RD Congo,1.0,,
2026-06-24 22:32,BIH,Bosnia,1.0,,
2026-06-24 22:32,CZE,Tchequia,1.0,,
2026-06-24 22:32,PAN,Panama,0.1,,
2026-06-24 22:32,HTI,Haiti,0.1,,
2026-06-24 22:32,CUW,Curacao,0.1,,
2026-06-24 22:32,CIV,Costa do Marfim,0.35,,
2026-06-24 22:32,QAT,Catar,0.1,,
2026-06-24 22:32,RSA,Africa do Sul,0.1,,
2026-06-24 22:32,CPV,Cabo Verde,0.15,,
2026-06-24 22:32,DZA,Argelia,0.1,,
2026-06-24 22:32,EGY,Egito,0.25,,
2026-06-24 22:32,JOR,Jordania,0.1,,
2026-06-24 22:32,UZB,Uzbequistao,0.1,,
2026-06-24 22:32,NZL,Nova Zelandia,0.1,,
2026-06-24 22:32,TN,Tunisia,0.1,,
2026-06-24 22:32,SA,Arabia Saudita,0.1,,
2026-06-24 22:32,IR,Ira,0.1,,
2026-06-24 22:32,TR,Turquia,0.1,,
2026-06-24 22:32,SC,Escocia,0.1,,
2026-06-24 22:32,PY,Paraguai,0.1,,
2026-06-24 22:32,KR,Coreia do Sul,0.25,,
2026-06-24 22:32,GH,Gana,0.15,,
2026-06-24 22:32,AU,Australia,0.15,,
2026-06-24 22:32,SN,Senegal,0.25,,
2026-06-24 22:32,SE,Suecia,0.15,,
2026-06-24 22:32,NO,Noruega,2.75,,
2026-06-24 22:32,MX,Mexico,1.95,,
2026-06-24 22:32,MA,Marrocos,1.7,,
2026-06-24 22:32,JP,Japao,1.8,,
2026-06-24 22:32,EC,Equador,0.15,,
2026-06-24 22:32,CO,Colombia,1.85,,
2026-06-24 22:32,CH,Suica,0.95,,
2026-06-24 22:32,CA,Canada,0.25,,
2026-06-24 22:32,AT,Austria,0.15,,
2026-06-24 22:32,UY,Uruguai,0.15,,
2026-06-24 22:32,US,EUA,4.85,,
2026-06-24 22:32,PT,Portugal,8.7,,
2026-06-24 22:32,NL,Holanda,6.6,,
2026-06-24 22:32,HR,Croacia,0.45,,
2026-06-24 22:32,GB,Inglaterra,10.45,,
2026-06-24 22:32,DE,Alemanha,5.35,,
2026-06-24 22:32,BR,Brasil,5.6,,
2026-06-24 22:32,BE,Belgica,1.05,,
2026-06-24 22:32,AR,Argentina,15.0,,
2026-06-24 22:32,FR,Franca,19.7,,
2026-06-24 22:32,ES,Espanha,13.35,,
2026-06-24 23:30,IRQ,Iraque,1.0,,
2026-06-24 23:30,COD,RD Congo,1.0,,
2026-06-24 23:30,BIH,Bosnia,1.0,,
2026-06-24 23:30,CZE,Tchequia,1.0,,
2026-06-24 23:30,PAN,Panama,0.1,,
2026-06-24 23:30,HTI,Haiti,0.1,,
2026-06-24 23:30,CUW,Curacao,0.1,,
2026-06-24 23:30,CIV,Costa do Marfim,0.35,,
2026-06-24 23:30,QAT,Catar,0.1,,
2026-06-24 23:30,RSA,Africa do Sul,0.1,,
2026-06-24 23:30,CPV,Cabo Verde,0.15,,
2026-06-24 23:30,DZA,Argelia,0.1,,
2026-06-24 23:30,EGY,Egito,0.25,,
2026-06-24 23:30,JOR,Jordania,0.1,,
2026-06-24 23:30,UZB,Uzbequistao,0.1,,
2026-06-24 23:30,NZL,Nova Zelandia,0.1,,
2026-06-24 23:30,TN,Tunisia,0.1,,
2026-06-24 23:30,SA,Arabia Saudita,0.1,,
2026-06-24 23:30,IR,Ira,0.1,,
2026-06-24 23:30,TR,Turquia,0.1,,
2026-06-24 23:30,SC,Escocia,0.1,,
2026-06-24 23:30,PY,Paraguai,0.1,,
2026-06-24 23:30,KR,Coreia do Sul,0.25,,
2026-06-24 23:30,GH,Gana,0.15,,
2026-06-24 23:30,AU,Australia,0.15,,
2026-06-24 23:30,SN,Senegal,0.25,,
2026-06-24 23:30,SE,Suecia,0.15,,
2026-06-24 23:30,NO,Noruega,2.75,,
2026-06-24 23:30,MX,Mexico,1.9,,
2026-06-24 23:30,MA,Marrocos,1.55,,
2026-06-24 23:30,JP,Japao,1.85,,
2026-06-24 23:30,EC,Equador,0.15,,
2026-06-24 23:30,CO,Colombia,1.85,,
2026-06-24 23:30,CH,Suica,0.95,,
2026-06-24 23:30,CA,Canada,0.25,,
2026-06-24 23:30,AT,Austria,0.15,,
2026-06-24 23:30,UY,Uruguai,0.15,,
2026-06-24 23:30,US,EUA,4.95,,
2026-06-24 23:30,PT,Portugal,8.6,,
2026-06-24 23:30,NL,Holanda,6.65,,
2026-06-24 23:30,HR,Croacia,0.45,,
2026-06-24 23:30,GB,Inglaterra,10.45,,
2026-06-24 23:30,DE,Alemanha,5.25,,
2026-06-24 23:30,BR,Brasil,5.55,,
2026-06-24 23:30,BE,Belgica,0.95,,
2026-06-24 23:30,AR,Argentina,15.0,,
2026-06-24 23:30,FR,Franca,19.9,,
2026-06-24 23:30,ES,Espanha,13.35,,
2026-06-25 00:59,IRQ,Iraque,1.0,,
2026-06-25 00:59,COD,RD Congo,1.0,,
2026-06-25 00:59,BIH,Bosnia,1.0,,
2026-06-25 00:59,CZE,Tchequia,1.0,,
2026-06-25 00:59,PAN,Panama,0.1,,
2026-06-25 00:59,HTI,Haiti,0.1,,
2026-06-25 00:59,CUW,Curacao,0.1,,
2026-06-25 00:59,CIV,Costa do Marfim,0.35,,
2026-06-25 00:59,QAT,Catar,0.1,,
2026-06-25 00:59,RSA,Africa do Sul,0.1,,
2026-06-25 00:59,CPV,Cabo Verde,0.15,,
2026-06-25 00:59,DZA,Argelia,0.1,,
2026-06-25 00:59,EGY,Egito,0.25,,
2026-06-25 00:59,JOR,Jordania,0.1,,
2026-06-25 00:59,UZB,Uzbequistao,0.1,,
2026-06-25 00:59,NZL,Nova Zelandia,0.1,,
2026-06-25 00:59,TN,Tunisia,0.1,,
2026-06-25 00:59,SA,Arabia Saudita,0.1,,
2026-06-25 00:59,IR,Ira,0.1,,
2026-06-25 00:59,TR,Turquia,0.1,,
2026-06-25 00:59,SC,Escocia,0.1,,
2026-06-25 00:59,PY,Paraguai,0.1,,
2026-06-25 00:59,KR,Coreia do Sul,0.25,,
2026-06-25 00:59,GH,Gana,0.15,,
2026-06-25 00:59,AU,Australia,0.15,,
2026-06-25 00:59,SN,Senegal,0.35,,
2026-06-25 00:59,SE,Suecia,0.15,,
2026-06-25 00:59,NO,Noruega,2.85,,
2026-06-25 00:59,MX,Mexico,1.85,,
2026-06-25 00:59,MA,Marrocos,1.85,,
2026-06-25 00:59,JP,Japao,1.8,,
2026-06-25 00:59,EC,Equador,0.15,,
2026-06-25 00:59,CO,Colombia,1.85,,
2026-06-25 00:59,CH,Suica,0.85,,
2026-06-25 00:59,CA,Canada,0.25,,
2026-06-25 00:59,AT,Austria,0.15,,
2026-06-25 00:59,UY,Uruguai,0.15,,
2026-06-25 00:59,US,EUA,4.85,,
2026-06-25 00:59,PT,Portugal,8.75,,
2026-06-25 00:59,NL,Holanda,6.35,,
2026-06-25 00:59,HR,Croacia,0.45,,
2026-06-25 00:59,GB,Inglaterra,10.45,,
2026-06-25 00:59,DE,Alemanha,5.25,,
2026-06-25 00:59,BR,Brasil,5.65,,
2026-06-25 00:59,BE,Belgica,0.95,,
2026-06-25 00:59,AR,Argentina,15.7,,
2026-06-25 00:59,FR,Franca,19.85,,
2026-06-25 00:59,ES,Espanha,13.35,,
2026-06-25 01:49,IRQ,Iraque,1.0,,
2026-06-25 01:49,COD,RD Congo,1.0,,
2026-06-25 01:49,BIH,Bosnia,1.0,,
2026-06-25 01:49,CZE,Tchequia,1.0,,
2026-06-25 01:49,PAN,Panama,0.1,,
2026-06-25 01:49,HTI,Haiti,0.1,,
2026-06-25 01:49,CUW,Curacao,0.1,,
2026-06-25 01:49,CIV,Costa do Marfim,0.35,,
2026-06-25 01:49,QAT,Catar,0.1,,
2026-06-25 01:49,RSA,Africa do Sul,0.1,,
2026-06-25 01:49,CPV,Cabo Verde,0.15,,
2026-06-25 01:49,DZA,Argelia,0.1,,
2026-06-25 01:49,EGY,Egito,0.25,,
2026-06-25 01:49,JOR,Jordania,0.1,,
2026-06-25 01:49,UZB,Uzbequistao,0.1,,
2026-06-25 01:49,NZL,Nova Zelandia,0.1,,
2026-06-25 01:49,TN,Tunisia,0.1,,
2026-06-25 01:49,SA,Arabia Saudita,0.1,,
2026-06-25 01:49,IR,Ira,0.1,,
2026-06-25 01:49,TR,Turquia,0.1,,
2026-06-25 01:49,SC,Escocia,0.1,,
2026-06-25 01:49,PY,Paraguai,0.1,,
2026-06-25 01:49,KR,Coreia do Sul,0.25,,
2026-06-25 01:49,GH,Gana,0.15,,
2026-06-25 01:49,AU,Australia,0.15,,
2026-06-25 01:49,SN,Senegal,0.35,,
2026-06-25 01:49,SE,Suecia,0.15,,
2026-06-25 01:49,NO,Noruega,2.8,,
2026-06-25 01:49,MX,Mexico,1.8,,
2026-06-25 01:49,MA,Marrocos,1.85,,
2026-06-25 01:49,JP,Japao,1.85,,
2026-06-25 01:49,EC,Equador,0.15,,
2026-06-25 01:49,CO,Colombia,1.85,,
2026-06-25 01:49,CH,Suica,0.85,,
2026-06-25 01:49,CA,Canada,0.25,,
2026-06-25 01:49,AT,Austria,0.15,,
2026-06-25 01:49,UY,Uruguai,0.15,,
2026-06-25 01:49,US,EUA,4.85,,
2026-06-25 01:49,PT,Portugal,8.7,,
2026-06-25 01:49,NL,Holanda,6.35,,
2026-06-25 01:49,HR,Croacia,0.45,,
2026-06-25 01:49,GB,Inglaterra,10.45,,
2026-06-25 01:49,DE,Alemanha,5.25,,
2026-06-25 01:49,BR,Brasil,5.75,,
2026-06-25 01:49,BE,Belgica,0.95,,
2026-06-25 01:49,AR,Argentina,16.15,,
2026-06-25 01:49,FR,Franca,19.7,,
2026-06-25 01:49,ES,Espanha,13.35,,
2026-06-25 03:15,IRQ,Iraque,1.0,,
2026-06-25 03:15,COD,RD Congo,1.0,,
2026-06-25 03:15,BIH,Bosnia,1.0,,
2026-06-25 03:15,CZE,Tchequia,1.0,,
2026-06-25 03:15,PAN,Panama,0.1,,
2026-06-25 03:15,HTI,Haiti,0.1,,
2026-06-25 03:15,CUW,Curacao,0.1,,
2026-06-25 03:15,CIV,Costa do Marfim,0.35,,
2026-06-25 03:15,QAT,Catar,0.1,,
2026-06-25 03:15,RSA,Africa do Sul,0.1,,
2026-06-25 03:15,CPV,Cabo Verde,0.15,,
2026-06-25 03:15,DZA,Argelia,0.1,,
2026-06-25 03:15,EGY,Egito,0.25,,
2026-06-25 03:15,JOR,Jordania,0.1,,
2026-06-25 03:15,UZB,Uzbequistao,0.1,,
2026-06-25 03:15,NZL,Nova Zelandia,0.1,,
2026-06-25 03:15,TN,Tunisia,0.1,,
2026-06-25 03:15,SA,Arabia Saudita,0.1,,
2026-06-25 03:15,IR,Ira,0.1,,
2026-06-25 03:15,TR,Turquia,0.1,,
2026-06-25 03:15,SC,Escocia,0.1,,
2026-06-25 03:15,PY,Paraguai,0.1,,
2026-06-25 03:15,KR,Coreia do Sul,0.15,,
2026-06-25 03:15,GH,Gana,0.15,,
2026-06-25 03:15,AU,Australia,0.15,,
2026-06-25 03:15,SN,Senegal,0.35,,
2026-06-25 03:15,SE,Suecia,0.15,,
2026-06-25 03:15,NO,Noruega,2.7,,
2026-06-25 03:15,MX,Mexico,2.3,,
2026-06-25 03:15,MA,Marrocos,1.85,,
2026-06-25 03:15,JP,Japao,1.65,,
2026-06-25 03:15,EC,Equador,0.15,,
2026-06-25 03:15,CO,Colombia,1.65,,
2026-06-25 03:15,CH,Suica,0.85,,
2026-06-25 03:15,CA,Canada,0.25,,
2026-06-25 03:15,AT,Austria,0.15,,
2026-06-25 03:15,UY,Uruguai,0.15,,
2026-06-25 03:15,US,EUA,4.75,,
2026-06-25 03:15,PT,Portugal,8.75,,
2026-06-25 03:15,NL,Holanda,6.65,,
2026-06-25 03:15,HR,Croacia,0.45,,
2026-06-25 03:15,GB,Inglaterra,10.45,,
2026-06-25 03:15,DE,Alemanha,5.25,,
2026-06-25 03:15,BR,Brasil,5.75,,
2026-06-25 03:15,BE,Belgica,0.95,,
2026-06-25 03:15,AR,Argentina,15.4,,
2026-06-25 03:15,FR,Franca,19.7,,
2026-06-25 03:15,ES,Espanha,13.35,,
2026-06-25 05:27,IRQ,Iraque,1.0,,
2026-06-25 05:27,COD,RD Congo,1.0,,
2026-06-25 05:27,BIH,Bosnia,1.0,,
2026-06-25 05:27,CZE,Tchequia,1.0,,
2026-06-25 05:27,PAN,Panama,0.1,,
2026-06-25 05:27,HTI,Haiti,0.1,,
2026-06-25 05:27,CUW,Curacao,0.1,,
2026-06-25 05:27,CIV,Costa do Marfim,0.35,,
2026-06-25 05:27,QAT,Catar,0.1,,
2026-06-25 05:27,RSA,Africa do Sul,0.1,,
2026-06-25 05:27,CPV,Cabo Verde,0.1,,
2026-06-25 05:27,DZA,Argelia,0.1,,
2026-06-25 05:27,EGY,Egito,0.25,,
2026-06-25 05:27,JOR,Jordania,0.1,,
2026-06-25 05:27,UZB,Uzbequistao,0.1,,
2026-06-25 05:27,NZL,Nova Zelandia,0.1,,
2026-06-25 05:27,TN,Tunisia,0.1,,
2026-06-25 05:27,SA,Arabia Saudita,0.1,,
2026-06-25 05:27,IR,Ira,0.1,,
2026-06-25 05:27,TR,Turquia,0.1,,
2026-06-25 05:27,SC,Escocia,0.1,,
2026-06-25 05:27,PY,Paraguai,0.1,,
2026-06-25 05:27,KR,Coreia do Sul,0.15,,
2026-06-25 05:27,GH,Gana,0.15,,
2026-06-25 05:27,AU,Australia,0.15,,
2026-06-25 05:27,SN,Senegal,0.35,,
2026-06-25 05:27,SE,Suecia,0.15,,
2026-06-25 05:27,NO,Noruega,2.55,,
2026-06-25 05:27,MX,Mexico,2.65,,
2026-06-25 05:27,MA,Marrocos,1.8,,
2026-06-25 05:27,JP,Japao,1.55,,
2026-06-25 05:27,EC,Equador,0.15,,
2026-06-25 05:27,CO,Colombia,1.65,,
2026-06-25 05:27,CH,Suica,0.85,,
2026-06-25 05:27,CA,Canada,0.25,,
2026-06-25 05:27,AT,Austria,0.15,,
2026-06-25 05:27,UY,Uruguai,0.15,,
2026-06-25 05:27,US,EUA,4.8,,
2026-06-25 05:27,PT,Portugal,8.55,,
2026-06-25 05:27,NL,Holanda,6.45,,
2026-06-25 05:27,HR,Croacia,0.35,,
2026-06-25 05:27,GB,Inglaterra,10.45,,
2026-06-25 05:27,DE,Alemanha,5.25,,
2026-06-25 05:27,BR,Brasil,5.75,,
2026-06-25 05:27,BE,Belgica,1.05,,
2026-06-25 05:27,AR,Argentina,14.85,,
2026-06-25 05:27,FR,Franca,20.05,,
2026-06-25 05:27,ES,Espanha,13.35,,
